IP 地址,已发送,已接收,丢包率,平均延迟,下载速度 (MB/s)
104.18.39.120,4,4,0.00,22.80,0.00
104.18.0.63,4,4,0.00,25.89,0.00
104.18.33.110,4,4,0.00,30.40,0.00
172.64.147.8,4,4,0.00,32.97,0.00
104.18.35.114,4,4,0.00,34.65,0.00
104.18.40.142,4,4,0.00,35.43,0.00
172.64.152.14,4,4,0.00,35.92,0.00
104.18.44.253,4,4,0.00,36.14,0.00
172.64.158.86,4,4,0.00,38.11,0.00
172.64.157.54,4,4,0.00,39.13,0.00
172.64.145.252,4,4,0.00,41.22,0.00
172.64.144.190,4,4,0.00,42.31,0.00
104.18.46.153,4,4,0.00,42.88,0.00
172.64.156.156,4,4,0.00,43.48,0.00
104.18.45.143,4,4,0.00,46.09,0.00
104.22.46.85,4,4,0.00,46.55,0.00
104.18.165.94,4,4,0.00,47.85,0.00
104.18.90.43,4,4,0.00,48.20,0.00
104.17.189.150,4,4,0.00,48.30,0.00
104.16.242.58,4,4,0.00,48.66,0.00
104.19.146.89,4,4,0.00,48.69,0.00
104.16.247.188,4,4,0.00,48.72,0.00
104.16.5.5,4,4,0.00,48.80,0.00
104.17.144.185,4,4,0.00,48.86,0.00
104.17.164.124,4,4,0.00,49.09,0.00
104.17.50.146,4,4,0.00,49.19,0.00
104.16.147.81,4,4,0.00,49.20,0.00
104.16.202.58,4,4,0.00,49.26,0.00
104.16.11.9,4,4,0.00,49.61,0.00
104.17.190.103,4,4,0.00,49.61,0.00
198.41.208.116,4,4,0.00,49.63,0.00
104.17.155.39,4,4,0.00,49.63,0.00
104.22.34.124,4,4,0.00,49.73,0.00
104.17.48.233,4,4,0.00,49.77,0.00
104.16.149.113,4,4,0.00,49.81,0.00
104.17.187.235,4,4,0.00,49.97,0.00
104.19.156.4,4,4,0.00,50.06,0.00
104.17.166.135,4,4,0.00,50.09,0.00
104.16.243.154,4,4,0.00,50.16,0.00
104.22.35.147,4,4,0.00,50.19,0.00
104.19.151.123,4,4,0.00,50.46,0.00
104.17.151.170,4,4,0.00,50.50,0.00
104.19.34.41,4,4,0.00,50.51,0.00
104.17.100.219,4,4,0.00,50.53,0.00
104.17.176.27,4,4,0.00,50.61,0.00
104.19.39.153,4,4,0.00,50.67,0.00
104.18.82.168,4,4,0.00,50.68,0.00
104.17.168.133,4,4,0.00,50.70,0.00
104.18.171.78,4,4,0.00,50.85,0.00
104.17.182.192,4,4,0.00,50.88,0.00
104.17.118.222,4,4,0.00,50.89,0.00
104.17.201.237,4,4,0.00,50.91,0.00
104.16.196.133,4,4,0.00,50.94,0.00
104.18.89.239,4,4,0.00,50.95,0.00
104.17.49.70,4,4,0.00,50.95,0.00
104.19.150.104,4,4,0.00,51.02,0.00
104.25.246.64,4,4,0.00,51.07,0.00
104.16.145.212,4,4,0.00,51.22,0.00
104.25.244.178,4,4,0.00,51.23,0.00
104.17.57.250,4,4,0.00,51.39,0.00
104.17.24.73,4,4,0.00,51.51,0.00
104.17.222.105,4,4,0.00,51.53,0.00
104.17.22.81,4,4,0.00,51.53,0.00
104.25.242.231,4,4,0.00,51.60,0.00
104.19.40.217,4,4,0.00,51.61,0.00
104.16.200.104,4,4,0.00,51.63,0.00
104.17.106.10,4,4,0.00,51.65,0.00
172.64.146.106,4,4,0.00,51.66,0.00
104.17.138.55,4,4,0.00,51.70,0.00
104.17.123.168,4,4,0.00,51.73,0.00
104.19.32.130,4,4,0.00,51.75,0.00
104.25.248.244,4,4,0.00,51.77,0.00
104.16.249.47,4,4,0.00,51.89,0.00
104.17.97.13,4,4,0.00,51.90,0.00
104.25.252.108,4,4,0.00,51.97,0.00
104.17.220.75,4,4,0.00,51.97,0.00
104.16.155.230,4,4,0.00,51.99,0.00
172.64.229.84,4,4,0.00,52.00,0.00
190.93.247.49,4,4,0.00,52.04,0.00
104.22.38.179,4,4,0.00,52.05,0.00
104.18.153.146,4,4,0.00,52.09,0.00
104.19.155.239,4,4,0.00,52.12,0.00
104.16.254.218,4,4,0.00,52.13,0.00
104.17.52.16,4,4,0.00,52.24,0.00
104.17.157.184,4,4,0.00,52.26,0.00
104.17.219.124,4,4,0.00,52.28,0.00
104.25.245.169,4,4,0.00,52.49,0.00
104.22.36.126,4,4,0.00,52.51,0.00
104.17.63.113,4,4,0.00,52.55,0.00
104.17.23.104,4,4,0.00,52.56,0.00
104.17.109.208,4,4,0.00,52.67,0.00
104.25.243.199,4,4,0.00,52.71,0.00
104.17.158.103,4,4,0.00,52.72,0.00
104.17.108.57,4,4,0.00,52.72,0.00
104.17.21.104,4,4,0.00,52.73,0.00
104.17.53.23,4,4,0.00,52.86,0.00
104.17.217.158,4,4,0.00,52.90,0.00
104.17.115.51,4,4,0.00,52.92,0.00
104.16.240.172,4,4,0.00,52.92,0.00
104.17.111.196,4,4,0.00,52.95,0.00
104.17.185.185,4,4,0.00,52.97,0.00
104.17.143.86,4,4,0.00,52.98,0.00
104.19.145.194,4,4,0.00,52.99,0.00
104.16.144.144,4,4,0.00,53.05,0.00
104.18.155.105,4,4,0.00,53.09,0.00
104.19.144.233,4,4,0.00,53.11,0.00
104.17.160.178,4,4,0.00,53.11,0.00
104.16.12.31,4,4,0.00,53.19,0.00
104.22.37.243,4,4,0.00,53.22,0.00
104.16.151.99,4,4,0.00,53.32,0.00
104.19.148.192,4,4,0.00,53.32,0.00
104.16.150.153,4,4,0.00,53.33,0.00
104.17.96.99,4,4,0.00,53.33,0.00
104.17.178.104,4,4,0.00,53.34,0.00
104.22.45.76,4,4,0.00,53.37,0.00
104.17.149.56,4,4,0.00,53.40,0.00
104.17.114.63,4,4,0.00,53.41,0.00
104.17.55.46,4,4,0.00,53.46,0.00
104.22.40.13,4,4,0.00,53.56,0.00
104.22.47.42,4,4,0.00,53.57,0.00
104.18.92.5,4,4,0.00,53.58,0.00
104.17.210.163,4,4,0.00,53.62,0.00
104.16.157.36,4,4,0.00,53.69,0.00
104.17.99.158,4,4,0.00,53.72,0.00
104.16.207.5,4,4,0.00,53.73,0.00
104.17.105.233,4,4,0.00,53.76,0.00
104.16.195.59,4,4,0.00,53.81,0.00
104.17.172.199,4,4,0.00,53.89,0.00
104.18.81.254,4,4,0.00,53.90,0.00
104.17.117.190,4,4,0.00,53.92,0.00
104.17.126.93,4,4,0.00,53.96,0.00
104.17.145.73,4,4,0.00,54.08,0.00
104.18.95.110,4,4,0.00,54.09,0.00
104.17.102.27,4,4,0.00,54.12,0.00
104.17.98.15,4,4,0.00,54.13,0.00
104.17.30.245,4,4,0.00,54.19,0.00
104.17.223.211,4,4,0.00,54.20,0.00
104.18.84.236,4,4,0.00,54.21,0.00
104.19.45.2,4,4,0.00,54.22,0.00
104.17.60.196,4,4,0.00,54.26,0.00
104.17.58.163,4,4,0.00,54.28,0.00
104.18.160.32,4,4,0.00,54.29,0.00
104.17.54.178,4,4,0.00,54.31,0.00
104.16.194.166,4,4,0.00,54.33,0.00
104.18.169.209,4,4,0.00,54.42,0.00
104.17.122.19,4,4,0.00,54.44,0.00
104.17.161.117,4,4,0.00,54.47,0.00
104.16.153.24,4,4,0.00,54.47,0.00
104.22.33.172,4,4,0.00,54.47,0.00
104.17.183.196,4,4,0.00,54.47,0.00
104.16.244.14,4,4,0.00,54.48,0.00
104.16.198.216,4,4,0.00,54.50,0.00
104.17.171.211,4,4,0.00,54.50,0.00
104.17.214.25,4,4,0.00,54.51,0.00
104.16.156.219,4,4,0.00,54.52,0.00
104.16.203.190,4,4,0.00,54.55,0.00
104.22.42.46,4,4,0.00,54.60,0.00
104.22.43.143,4,4,0.00,54.61,0.00
104.18.87.27,4,4,0.00,54.67,0.00
104.16.148.136,4,4,0.00,54.74,0.00
104.16.251.209,4,4,0.00,54.81,0.00
104.17.198.135,4,4,0.00,54.82,0.00
104.16.152.188,4,4,0.00,54.85,0.00
104.18.93.47,4,4,0.00,54.86,0.00
104.17.170.231,4,4,0.00,54.94,0.00
104.17.154.91,4,4,0.00,54.96,0.00
104.17.159.63,4,4,0.00,54.97,0.00
104.22.41.136,4,4,0.00,54.99,0.00
104.19.37.185,4,4,0.00,55.01,0.00
104.18.88.22,4,4,0.00,55.03,0.00
104.16.255.104,4,4,0.00,55.09,0.00
104.18.94.180,4,4,0.00,55.11,0.00
104.22.39.77,4,4,0.00,55.11,0.00
104.17.156.180,4,4,0.00,55.23,0.00
104.17.175.173,4,4,0.00,55.39,0.00
104.17.116.59,4,4,0.00,55.47,0.00
104.17.211.44,4,4,0.00,55.53,0.00
104.17.125.20,4,4,0.00,55.57,0.00
104.18.85.11,4,4,0.00,55.65,0.00
104.18.174.226,4,4,0.00,55.67,0.00
104.17.208.98,4,4,0.00,55.67,0.00
104.19.35.134,4,4,0.00,55.71,0.00
104.17.20.85,4,4,0.00,55.76,0.00
104.17.147.243,4,4,0.00,55.81,0.00
104.17.101.24,4,4,0.00,55.85,0.00
104.17.56.119,4,4,0.00,55.89,0.00
104.16.158.241,4,4,0.00,55.91,0.00
104.17.216.56,4,4,0.00,55.99,0.00
104.17.18.62,4,4,0.00,56.11,0.00
104.17.103.30,4,4,0.00,56.14,0.00
104.19.42.82,4,4,0.00,56.24,0.00
104.17.173.170,4,4,0.00,56.27,0.00
104.17.180.226,4,4,0.00,56.37,0.00
104.17.213.176,4,4,0.00,56.40,0.00
104.17.124.177,4,4,0.00,56.40,0.00
104.18.144.139,4,4,0.00,56.45,0.00
104.17.25.106,4,4,0.00,56.53,0.00
104.19.36.48,4,4,0.00,56.54,0.00
104.17.120.95,4,4,0.00,56.61,0.00
104.18.91.237,4,4,0.00,56.70,0.00
104.25.249.161,4,4,0.00,56.72,0.00
104.16.205.185,4,4,0.00,56.76,0.00
104.17.169.183,4,4,0.00,56.82,0.00
104.17.177.78,4,4,0.00,56.85,0.00
104.17.16.4,4,4,0.00,56.99,0.00
104.18.83.192,4,4,0.00,57.05,0.00
104.16.192.49,4,4,0.00,57.05,0.00
198.41.209.140,4,4,0.00,57.09,0.00
104.17.112.210,4,4,0.00,57.23,0.00
141.101.115.40,4,4,0.00,57.26,0.00
104.17.165.124,4,4,0.00,57.29,0.00
104.16.159.219,4,4,0.00,57.33,0.00
104.17.148.192,4,4,0.00,57.34,0.00
104.17.209.146,4,4,0.00,57.41,0.00
172.64.153.25,4,4,0.00,57.54,0.00
104.17.127.247,4,4,0.00,57.61,0.00
104.17.61.113,4,4,0.00,57.69,0.00
104.19.149.222,4,4,0.00,57.75,0.00
104.17.194.248,4,4,0.00,57.82,0.00
104.19.33.143,4,4,0.00,57.97,0.00
104.16.197.200,4,4,0.00,58.05,0.00
104.19.48.4,4,4,0.00,58.29,0.00
104.22.44.56,4,4,0.00,58.38,0.00
104.17.113.26,4,4,0.00,58.38,0.00
104.17.130.5,4,4,0.00,58.57,0.00
104.17.121.194,4,4,0.00,58.74,0.00
104.19.38.103,4,4,0.00,58.76,0.00
104.25.250.72,4,4,0.00,58.89,0.00
104.17.110.161,4,4,0.00,59.01,0.00
104.17.181.15,4,4,0.00,59.03,0.00
104.17.191.203,4,4,0.00,59.09,0.00
104.17.104.101,4,4,0.00,59.38,0.00
104.16.206.33,4,4,0.00,59.50,0.00
104.17.29.14,4,4,0.00,59.58,0.00
104.18.145.158,4,4,0.00,59.58,0.00
104.17.200.129,4,4,0.00,61.64,0.00
104.17.184.207,4,4,0.00,61.90,0.00
104.18.75.111,4,4,0.00,76.40,0.00
104.16.0.224,4,4,0.00,76.67,0.00
162.159.209.160,4,4,0.00,76.98,0.00
104.18.73.133,4,4,0.00,79.08,0.00
104.17.136.98,4,4,0.00,80.33,0.00
162.159.238.8,4,4,0.00,80.45,0.00
104.18.172.45,4,4,0.00,80.69,0.00
104.18.151.197,4,4,0.00,81.41,0.00
104.18.150.122,4,4,0.00,81.69,0.00
104.18.167.203,4,4,0.00,81.89,0.00
104.18.164.177,4,4,0.00,82.16,0.00
104.18.65.114,4,4,0.00,82.25,0.00
190.93.246.9,4,4,0.00,82.64,0.00
104.17.132.163,4,4,0.00,82.94,0.00
104.17.195.236,4,4,0.00,82.97,0.00
104.18.175.107,4,4,0.00,83.03,0.00
104.17.207.96,4,4,0.00,83.43,0.00
104.17.137.25,4,4,0.00,83.51,0.00
104.17.204.126,4,4,0.00,84.58,0.00
108.162.198.114,4,4,0.00,84.68,0.00
104.17.193.184,4,4,0.00,84.83,0.00
190.93.244.252,4,4,0.00,84.96,0.00
104.19.219.194,4,4,0.00,85.07,0.00
104.18.170.158,4,4,0.00,85.15,0.00
104.18.225.130,4,4,0.00,85.34,0.00
104.18.161.158,4,4,0.00,86.46,0.00
104.17.197.189,4,4,0.00,86.50,0.00
104.18.189.243,4,4,0.00,86.58,0.00
104.18.166.74,4,4,0.00,87.28,0.00
104.16.9.36,4,4,0.00,87.33,0.00
104.18.157.44,4,4,0.00,87.46,0.00
104.17.202.203,4,4,0.00,88.46,0.00
104.16.10.250,4,4,0.00,88.58,0.00
104.18.72.25,4,4,0.00,105.35,0.00
104.16.1.193,4,4,0.00,107.34,0.00
104.18.68.61,4,4,0.00,107.92,0.00
104.18.64.159,4,4,0.00,109.25,0.00
104.18.173.148,4,4,0.00,109.70,0.00
104.18.78.196,4,4,0.00,110.70,0.00
104.18.71.247,4,4,0.00,111.02,0.00
104.18.149.128,4,4,0.00,111.96,0.00
104.17.133.222,4,4,0.00,112.28,0.00
104.18.159.52,4,4,0.00,113.14,0.00
104.18.154.192,4,4,0.00,113.22,0.00
104.18.156.209,4,4,0.00,113.76,0.00
104.17.142.163,4,4,0.00,114.73,0.00
104.18.146.27,4,4,0.00,115.29,0.00
141.101.114.217,4,4,0.00,115.36,0.00
104.17.196.142,4,4,0.00,115.53,0.00
104.16.7.191,4,4,0.00,117.22,0.00
104.16.3.83,4,4,0.00,117.35,0.00
104.17.203.103,4,4,0.00,118.50,0.00
104.18.178.24,4,4,0.00,118.83,0.00
104.17.139.239,4,4,0.00,120.06,0.00
104.18.148.209,4,4,0.00,120.80,0.00
104.16.4.179,4,4,0.00,123.05,0.00
162.159.35.243,4,4,0.00,125.27,0.00
104.16.15.157,4,4,0.00,131.94,0.00
104.16.13.72,4,4,0.00,132.93,0.00
104.16.14.171,4,4,0.00,133.13,0.00
104.18.66.62,4,4,0.00,138.01,0.00
104.18.76.220,4,4,0.00,139.69,0.00
104.17.141.194,4,4,0.00,140.88,0.00
104.18.74.130,4,4,0.00,144.82,0.00
162.159.135.18,4,4,0.00,147.46,0.00
104.18.79.123,4,4,0.00,148.55,0.00
162.159.42.250,4,4,0.00,150.85,0.00
104.16.2.50,4,4,0.00,152.97,0.00
162.159.133.254,4,4,0.00,153.92,0.00
162.159.43.77,4,4,0.00,154.37,0.00
104.18.184.70,4,4,0.00,160.35,0.00
162.159.34.54,4,4,0.00,165.67,0.00
104.16.23.152,4,4,0.00,166.06,0.00
172.65.255.32,4,4,0.00,166.29,0.00
104.16.81.219,4,4,0.00,167.05,0.00
104.21.208.35,4,4,0.00,167.14,0.00
172.67.247.146,4,4,0.00,167.18,0.00
172.65.240.210,4,4,0.00,167.27,0.00
104.16.82.101,4,4,0.00,167.39,0.00
172.65.248.241,4,4,0.00,167.45,0.00
104.25.204.14,4,4,0.00,167.87,0.00
104.16.27.89,4,4,0.00,167.92,0.00
198.41.219.226,4,4,0.00,168.07,0.00
104.16.31.155,4,4,0.00,168.18,0.00
104.16.221.58,4,4,0.00,168.18,0.00
104.17.76.0,4,4,0.00,168.26,0.00
104.16.115.122,4,4,0.00,168.33,0.00
104.27.112.147,4,4,0.00,168.34,0.00
104.25.51.91,4,4,0.00,168.39,0.00
188.114.96.33,4,4,0.00,168.41,0.00
104.22.14.214,4,4,0.00,168.46,0.00
104.21.94.44,4,4,0.00,168.48,0.00
104.24.141.201,4,4,0.00,168.49,0.00
172.65.252.42,4,4,0.00,168.60,0.00
104.16.225.211,4,4,0.00,168.60,0.00
104.24.241.189,4,4,0.00,168.60,0.00
104.16.17.51,4,4,0.00,168.76,0.00
104.27.34.172,4,4,0.00,168.80,0.00
104.21.64.108,4,4,0.00,168.80,0.00
104.27.2.170,4,4,0.00,168.98,0.00
104.21.73.61,4,4,0.00,169.00,0.00
172.66.152.126,4,4,0.00,169.08,0.00
104.21.48.150,4,4,0.00,169.11,0.00
104.21.83.197,4,4,0.00,169.16,0.00
104.17.78.141,4,4,0.00,169.18,0.00
172.65.102.152,4,4,0.00,169.23,0.00
104.18.254.14,4,4,0.00,169.26,0.00
104.16.170.111,4,4,0.00,169.26,0.00
104.25.119.193,4,4,0.00,169.26,0.00
172.65.154.60,4,4,0.00,169.28,0.00
104.22.28.243,4,4,0.00,169.29,0.00
104.16.230.32,4,4,0.00,169.33,0.00
104.22.24.221,4,4,0.00,169.37,0.00
104.21.200.203,4,4,0.00,169.40,0.00
104.25.83.53,4,4,0.00,169.41,0.00
104.27.40.174,4,4,0.00,169.42,0.00
104.21.3.168,4,4,0.00,169.54,0.00
104.27.6.2,4,4,0.00,169.55,0.00
104.17.85.213,4,4,0.00,169.57,0.00
104.22.13.178,4,4,0.00,169.58,0.00
104.25.213.254,4,4,0.00,169.60,0.00
104.22.9.55,4,4,0.00,169.61,0.00
104.24.93.206,4,4,0.00,169.61,0.00
104.16.217.143,4,4,0.00,169.63,0.00
104.24.13.161,4,4,0.00,169.63,0.00
104.25.177.231,4,4,0.00,169.63,0.00
104.24.252.69,4,4,0.00,169.64,0.00
104.19.240.126,4,4,0.00,169.64,0.00
104.24.156.108,4,4,0.00,169.74,0.00
104.16.238.1,4,4,0.00,169.77,0.00
172.67.48.30,4,4,0.00,169.77,0.00
104.27.114.251,4,4,0.00,169.79,0.00
104.17.37.154,4,4,0.00,169.81,0.00
104.25.59.225,4,4,0.00,169.83,0.00
104.23.138.182,4,4,0.00,169.84,0.00
172.65.2.21,4,4,0.00,169.85,0.00
104.25.21.102,4,4,0.00,169.89,0.00
104.17.2.27,4,4,0.00,169.91,0.00
104.20.3.173,4,4,0.00,169.91,0.00
104.19.247.73,4,4,0.00,169.96,0.00
104.25.0.73,4,4,0.00,170.00,0.00
172.67.208.221,4,4,0.00,170.01,0.00
104.19.168.192,4,4,0.00,170.02,0.00
104.24.245.189,4,4,0.00,170.03,0.00
172.64.79.120,4,4,0.00,170.06,0.00
104.16.94.44,4,4,0.00,170.08,0.00
172.65.241.242,4,4,0.00,170.08,0.00
104.17.11.28,4,4,0.00,170.12,0.00
104.24.201.63,4,4,0.00,170.14,0.00
104.17.47.11,4,4,0.00,170.20,0.00
172.65.145.109,4,4,0.00,170.21,0.00
104.25.168.185,4,4,0.00,170.21,0.00
172.65.66.141,4,4,0.00,170.29,0.00
104.18.108.128,4,4,0.00,170.34,0.00
104.16.74.215,4,4,0.00,170.36,0.00
104.19.252.153,4,4,0.00,170.37,0.00
172.66.197.231,4,4,0.00,170.39,0.00
104.24.151.223,4,4,0.00,170.40,0.00
172.67.97.81,4,4,0.00,170.41,0.00
104.17.68.221,4,4,0.00,170.42,0.00
172.66.129.19,4,4,0.00,170.43,0.00
104.25.105.72,4,4,0.00,170.45,0.00
172.67.91.83,4,4,0.00,170.45,0.00
104.22.31.46,4,4,0.00,170.48,0.00
104.27.29.65,4,4,0.00,170.49,0.00
172.67.243.166,4,4,0.00,170.50,0.00
104.17.0.97,4,4,0.00,170.50,0.00
104.19.169.83,4,4,0.00,170.51,0.00
104.17.82.80,4,4,0.00,170.52,0.00
104.18.214.84,4,4,0.00,170.52,0.00
104.24.250.252,4,4,0.00,170.53,0.00
104.25.30.72,4,4,0.00,170.53,0.00
104.25.188.236,4,4,0.00,170.54,0.00
104.24.138.65,4,4,0.00,170.55,0.00
104.24.89.206,4,4,0.00,170.55,0.00
172.65.69.17,4,4,0.00,170.55,0.00
172.65.116.50,4,4,0.00,170.56,0.00
172.65.146.246,4,4,0.00,170.57,0.00
104.25.190.39,4,4,0.00,170.57,0.00
172.67.21.137,4,4,0.00,170.59,0.00
104.21.216.17,4,4,0.00,170.62,0.00
104.21.197.188,4,4,0.00,170.66,0.00
104.21.15.225,4,4,0.00,170.67,0.00
104.25.161.169,4,4,0.00,170.69,0.00
104.16.176.43,4,4,0.00,170.71,0.00
104.17.14.39,4,4,0.00,170.71,0.00
188.114.98.248,4,4,0.00,170.72,0.00
172.65.62.214,4,4,0.00,170.73,0.00
104.25.37.248,4,4,0.00,170.73,0.00
172.67.212.244,4,4,0.00,170.76,0.00
104.24.76.241,4,4,0.00,170.77,0.00
104.27.96.42,4,4,0.00,170.77,0.00
104.19.163.248,4,4,0.00,170.78,0.00
172.65.55.50,4,4,0.00,170.78,0.00
104.21.69.136,4,4,0.00,170.78,0.00
104.24.154.177,4,4,0.00,170.81,0.00
104.21.46.196,4,4,0.00,170.81,0.00
104.21.65.204,4,4,0.00,170.82,0.00
104.24.231.208,4,4,0.00,170.82,0.00
104.25.116.60,4,4,0.00,170.83,0.00
104.16.211.79,4,4,0.00,170.85,0.00
104.25.159.3,4,4,0.00,170.86,0.00
104.24.143.232,4,4,0.00,170.86,0.00
172.65.75.231,4,4,0.00,170.89,0.00
104.27.108.182,4,4,0.00,170.90,0.00
104.24.255.56,4,4,0.00,170.94,0.00
172.65.140.119,4,4,0.00,170.95,0.00
172.67.29.225,4,4,0.00,170.96,0.00
172.67.34.156,4,4,0.00,170.97,0.00
104.24.131.213,4,4,0.00,170.97,0.00
104.18.63.217,4,4,0.00,171.02,0.00
104.24.224.144,4,4,0.00,171.03,0.00
104.23.126.58,4,4,0.00,171.03,0.00
104.24.183.24,4,4,0.00,171.05,0.00
172.65.6.176,4,4,0.00,171.06,0.00
104.24.202.25,4,4,0.00,171.10,0.00
104.24.136.75,4,4,0.00,171.10,0.00
104.24.85.121,4,4,0.00,171.12,0.00
104.23.113.65,4,4,0.00,171.12,0.00
104.23.136.70,4,4,0.00,171.12,0.00
172.67.28.10,4,4,0.00,171.17,0.00
172.65.86.134,4,4,0.00,171.17,0.00
104.22.1.59,4,4,0.00,171.18,0.00
104.17.3.95,4,4,0.00,171.18,0.00
104.18.98.254,4,4,0.00,171.18,0.00
104.22.7.239,4,4,0.00,171.20,0.00
172.65.9.158,4,4,0.00,171.23,0.00
104.22.21.161,4,4,0.00,171.25,0.00
104.25.237.190,4,4,0.00,171.25,0.00
104.21.104.163,4,4,0.00,171.26,0.00
104.25.123.23,4,4,0.00,171.26,0.00
104.23.97.159,4,4,0.00,171.27,0.00
104.19.28.173,4,4,0.00,171.27,0.00
198.41.199.199,4,4,0.00,171.28,0.00
104.16.166.140,4,4,0.00,171.29,0.00
104.20.5.228,4,4,0.00,171.32,0.00
172.67.53.231,4,4,0.00,171.33,0.00
104.25.121.241,4,4,0.00,171.33,0.00
104.22.2.72,4,4,0.00,171.33,0.00
104.25.16.208,4,4,0.00,171.34,0.00
104.24.233.102,4,4,0.00,171.34,0.00
104.27.197.253,4,4,0.00,171.35,0.00
104.27.122.250,4,4,0.00,171.37,0.00
104.16.218.179,4,4,0.00,171.39,0.00
104.27.103.211,4,4,0.00,171.39,0.00
172.65.8.74,4,4,0.00,171.40,0.00
104.17.9.147,4,4,0.00,171.41,0.00
104.16.20.18,4,4,0.00,171.46,0.00
172.65.107.36,4,4,0.00,171.46,0.00
104.21.1.91,4,4,0.00,171.47,0.00
172.67.64.86,4,4,0.00,171.47,0.00
104.27.5.181,4,4,0.00,171.48,0.00
104.25.79.69,4,4,0.00,171.49,0.00
104.24.28.219,4,4,0.00,171.50,0.00
104.19.241.209,4,4,0.00,171.51,0.00
104.25.17.24,4,4,0.00,171.52,0.00
104.27.89.73,4,4,0.00,171.53,0.00
104.16.186.22,4,4,0.00,171.53,0.00
172.67.239.221,4,4,0.00,171.53,0.00
104.19.123.49,4,4,0.00,171.54,0.00
104.21.53.142,4,4,0.00,171.54,0.00
172.67.25.44,4,4,0.00,171.55,0.00
104.27.11.153,4,4,0.00,171.55,0.00
104.25.136.254,4,4,0.00,171.56,0.00
104.27.93.119,4,4,0.00,171.59,0.00
104.17.70.177,4,4,0.00,171.60,0.00
104.19.185.162,4,4,0.00,171.60,0.00
104.24.62.71,4,4,0.00,171.65,0.00
104.20.10.120,4,4,0.00,171.65,0.00
172.65.28.71,4,4,0.00,171.66,0.00
172.67.80.140,4,4,0.00,171.69,0.00
104.24.171.7,4,4,0.00,171.72,0.00
104.22.6.116,4,4,0.00,171.72,0.00
104.17.36.101,4,4,0.00,171.74,0.00
104.25.154.96,4,4,0.00,171.74,0.00
104.25.201.161,4,4,0.00,171.75,0.00
104.16.85.92,4,4,0.00,171.75,0.00
104.22.18.118,4,4,0.00,171.76,0.00
104.25.103.85,4,4,0.00,171.76,0.00
172.67.93.248,4,4,0.00,171.76,0.00
104.22.4.183,4,4,0.00,171.76,0.00
104.27.9.96,4,4,0.00,171.80,0.00
104.17.43.113,4,4,0.00,171.80,0.00
172.67.223.122,4,4,0.00,171.81,0.00
104.25.104.4,4,4,0.00,171.83,0.00
104.16.75.121,4,4,0.00,171.83,0.00
104.16.83.161,4,4,0.00,171.84,0.00
104.16.210.180,4,4,0.00,171.85,0.00
104.24.220.162,4,4,0.00,171.86,0.00
104.25.174.136,4,4,0.00,171.86,0.00
104.24.180.111,4,4,0.00,171.87,0.00
104.19.171.65,4,4,0.00,171.88,0.00
172.66.173.47,4,4,0.00,171.88,0.00
172.67.96.146,4,4,0.00,171.89,0.00
172.65.250.197,4,4,0.00,171.89,0.00
104.27.53.78,4,4,0.00,171.89,0.00
104.19.246.237,4,4,0.00,171.90,0.00
104.16.22.87,4,4,0.00,171.91,0.00
104.27.83.176,4,4,0.00,171.92,0.00
104.21.87.185,4,4,0.00,171.93,0.00
104.22.26.93,4,4,0.00,171.93,0.00
104.16.182.128,4,4,0.00,171.93,0.00
104.24.247.201,4,4,0.00,171.94,0.00
172.65.29.251,4,4,0.00,171.94,0.00
104.25.50.225,4,4,0.00,171.94,0.00
104.17.4.75,4,4,0.00,171.95,0.00
104.17.73.250,4,4,0.00,171.96,0.00
104.21.79.126,4,4,0.00,171.98,0.00
104.16.179.28,4,4,0.00,172.03,0.00
172.65.124.79,4,4,0.00,172.04,0.00
104.27.124.127,4,4,0.00,172.05,0.00
104.27.37.161,4,4,0.00,172.05,0.00
172.67.229.198,4,4,0.00,172.06,0.00
104.24.200.3,4,4,0.00,172.06,0.00
104.21.92.214,4,4,0.00,172.06,0.00
104.25.58.201,4,4,0.00,172.07,0.00
104.21.66.71,4,4,0.00,172.08,0.00
104.25.212.151,4,4,0.00,172.08,0.00
172.67.106.149,4,4,0.00,172.08,0.00
104.24.172.208,4,4,0.00,172.09,0.00
172.67.38.134,4,4,0.00,172.10,0.00
104.16.184.13,4,4,0.00,172.10,0.00
172.67.234.112,4,4,0.00,172.12,0.00
172.66.141.16,4,4,0.00,172.13,0.00
162.159.205.126,4,4,0.00,172.13,0.00
172.65.169.81,4,4,0.00,172.14,0.00
172.66.211.24,4,4,0.00,172.16,0.00
104.16.239.201,4,4,0.00,172.17,0.00
104.21.222.36,4,4,0.00,172.18,0.00
104.20.12.245,4,4,0.00,172.18,0.00
104.27.88.41,4,4,0.00,172.22,0.00
172.66.204.131,4,4,0.00,172.22,0.00
104.24.146.144,4,4,0.00,172.23,0.00
104.16.80.4,4,4,0.00,172.23,0.00
172.66.167.5,4,4,0.00,172.23,0.00
104.25.3.251,4,4,0.00,172.23,0.00
104.24.139.56,4,4,0.00,172.25,0.00
104.21.93.56,4,4,0.00,172.26,0.00
104.27.102.126,4,4,0.00,172.27,0.00
104.19.255.93,4,4,0.00,172.28,0.00
172.67.82.77,4,4,0.00,172.28,0.00
172.67.216.238,4,4,0.00,172.29,0.00
172.65.253.78,4,4,0.00,172.29,0.00
104.25.235.49,4,4,0.00,172.29,0.00
104.22.10.192,4,4,0.00,172.30,0.00
104.24.21.51,4,4,0.00,172.30,0.00
104.24.66.228,4,4,0.00,172.31,0.00
104.20.7.168,4,4,0.00,172.31,0.00
104.25.224.43,4,4,0.00,172.31,0.00
104.19.251.184,4,4,0.00,172.36,0.00
172.64.151.50,4,4,0.00,172.37,0.00
104.19.78.195,4,4,0.00,172.38,0.00
104.17.74.167,4,4,0.00,172.39,0.00
172.64.91.151,4,4,0.00,172.39,0.00
104.21.56.214,4,4,0.00,172.40,0.00
172.67.111.90,4,4,0.00,172.43,0.00
104.25.215.165,4,4,0.00,172.43,0.00
172.67.209.28,4,4,0.00,172.43,0.00
104.25.41.19,4,4,0.00,172.45,0.00
104.25.138.134,4,4,0.00,172.47,0.00
104.27.120.146,4,4,0.00,172.47,0.00
104.25.175.8,4,4,0.00,172.48,0.00
104.21.68.130,4,4,0.00,172.50,0.00
104.27.65.220,4,4,0.00,172.51,0.00
104.16.223.167,4,4,0.00,172.52,0.00
172.67.228.55,4,4,0.00,172.52,0.00
104.24.50.177,4,4,0.00,172.52,0.00
104.24.84.116,4,4,0.00,172.53,0.00
104.24.24.232,4,4,0.00,172.53,0.00
104.25.225.62,4,4,0.00,172.53,0.00
104.21.106.126,4,4,0.00,172.58,0.00
172.65.159.225,4,4,0.00,172.58,0.00
172.65.68.150,4,4,0.00,172.59,0.00
104.21.12.205,4,4,0.00,172.59,0.00
104.16.224.115,4,4,0.00,172.60,0.00
104.25.111.143,4,4,0.00,172.61,0.00
104.25.26.225,4,4,0.00,172.61,0.00
104.21.192.226,4,4,0.00,172.62,0.00
104.21.97.19,4,4,0.00,172.63,0.00
104.24.165.221,4,4,0.00,172.64,0.00
104.24.26.166,4,4,0.00,172.64,0.00
104.25.35.134,4,4,0.00,172.64,0.00
104.22.30.194,4,4,0.00,172.65,0.00
104.25.114.221,4,4,0.00,172.65,0.00
104.16.120.30,4,4,0.00,172.67,0.00
172.66.169.148,4,4,0.00,172.68,0.00
104.24.191.154,4,4,0.00,172.69,0.00
104.25.54.201,4,4,0.00,172.71,0.00
104.22.12.189,4,4,0.00,172.71,0.00
104.25.232.114,4,4,0.00,172.71,0.00
172.67.191.91,4,4,0.00,172.72,0.00
104.24.137.35,4,4,0.00,172.72,0.00
104.16.29.69,4,4,0.00,172.72,0.00
172.65.119.25,4,4,0.00,172.73,0.00
104.16.229.120,4,4,0.00,172.75,0.00
104.24.20.21,4,4,0.00,172.75,0.00
172.65.151.178,4,4,0.00,172.76,0.00
104.16.117.177,4,4,0.00,172.76,0.00
104.24.39.58,4,4,0.00,172.77,0.00
172.66.149.63,4,4,0.00,172.78,0.00
104.16.219.31,4,4,0.00,172.79,0.00
104.25.113.205,4,4,0.00,172.80,0.00
104.24.219.176,4,4,0.00,172.81,0.00
104.16.160.205,4,4,0.00,172.81,0.00
104.25.211.87,4,4,0.00,172.82,0.00
104.21.201.33,4,4,0.00,172.82,0.00
104.16.73.162,4,4,0.00,172.82,0.00
104.21.82.30,4,4,0.00,172.84,0.00
104.25.165.220,4,4,0.00,172.85,0.00
104.27.59.179,4,4,0.00,172.85,0.00
104.24.216.191,4,4,0.00,172.86,0.00
104.27.84.228,4,4,0.00,172.86,0.00
104.27.56.21,4,4,0.00,172.87,0.00
172.66.144.226,4,4,0.00,172.87,0.00
172.67.188.199,4,4,0.00,172.88,0.00
172.67.119.26,4,4,0.00,172.88,0.00
104.27.64.139,4,4,0.00,172.88,0.00
104.21.88.253,4,4,0.00,172.88,0.00
104.27.71.112,4,4,0.00,172.90,0.00
104.24.212.148,4,4,0.00,172.91,0.00
104.21.95.127,4,4,0.00,172.91,0.00
104.16.190.83,4,4,0.00,172.92,0.00
172.67.86.69,4,4,0.00,172.93,0.00
104.17.39.77,4,4,0.00,172.94,0.00
104.24.32.180,4,4,0.00,172.94,0.00
172.66.208.65,4,4,0.00,172.94,0.00
104.16.165.130,4,4,0.00,172.95,0.00
104.24.64.186,4,4,0.00,172.96,0.00
172.65.12.133,4,4,0.00,172.96,0.00
172.65.91.216,4,4,0.00,172.97,0.00
172.67.44.228,4,4,0.00,172.99,0.00
104.17.83.207,4,4,0.00,173.00,0.00
104.27.91.126,4,4,0.00,173.00,0.00
104.16.68.249,4,4,0.00,173.01,0.00
104.25.226.156,4,4,0.00,173.02,0.00
172.67.124.21,4,4,0.00,173.03,0.00
104.24.83.169,4,4,0.00,173.04,0.00
172.65.121.165,4,4,0.00,173.04,0.00
172.66.128.50,4,4,0.00,173.05,0.00
104.25.220.107,4,4,0.00,173.06,0.00
104.27.21.168,4,4,0.00,173.06,0.00
104.21.76.164,4,4,0.00,173.06,0.00
104.25.46.173,4,4,0.00,173.06,0.00
104.27.99.164,4,4,0.00,173.08,0.00
162.159.197.177,4,4,0.00,173.08,0.00
104.21.38.85,4,4,0.00,173.08,0.00
104.24.155.75,4,4,0.00,173.08,0.00
104.24.75.220,4,4,0.00,173.11,0.00
104.25.29.40,4,4,0.00,173.11,0.00
172.65.168.245,4,4,0.00,173.11,0.00
104.17.6.59,4,4,0.00,173.12,0.00
104.25.122.38,4,4,0.00,173.12,0.00
104.18.36.112,4,4,0.00,173.13,0.00
104.25.100.108,4,4,0.00,173.13,0.00
104.25.2.44,4,4,0.00,173.14,0.00
104.25.156.69,4,4,0.00,173.15,0.00
172.67.183.93,4,4,0.00,173.15,0.00
172.65.79.61,4,4,0.00,173.18,0.00
104.17.67.108,4,4,0.00,173.18,0.00
104.27.8.65,4,4,0.00,173.18,0.00
104.22.15.71,4,4,0.00,173.18,0.00
172.66.195.129,4,4,0.00,173.19,0.00
172.65.152.237,4,4,0.00,173.20,0.00
104.16.122.153,4,4,0.00,173.20,0.00
104.24.87.167,4,4,0.00,173.21,0.00
104.21.80.155,4,4,0.00,173.21,0.00
104.24.37.173,4,4,0.00,173.21,0.00
172.67.66.171,4,4,0.00,173.22,0.00
104.16.126.241,4,4,0.00,173.24,0.00
104.24.254.211,4,4,0.00,173.25,0.00
172.66.163.29,4,4,0.00,173.25,0.00
104.16.114.131,4,4,0.00,173.25,0.00
104.21.47.157,4,4,0.00,173.25,0.00
104.16.24.20,4,4,0.00,173.25,0.00
104.21.120.250,4,4,0.00,173.27,0.00
172.65.7.176,4,4,0.00,173.28,0.00
172.67.227.214,4,4,0.00,173.28,0.00
104.16.164.112,4,4,0.00,173.29,0.00
172.67.87.101,4,4,0.00,173.29,0.00
104.16.183.48,4,4,0.00,173.29,0.00
172.67.215.219,4,4,0.00,173.30,0.00
104.23.137.108,4,4,0.00,173.30,0.00
198.41.198.84,4,4,0.00,173.30,0.00
104.25.108.135,4,4,0.00,173.31,0.00
172.65.174.219,4,4,0.00,173.31,0.00
104.16.25.140,4,4,0.00,173.32,0.00
104.16.78.96,4,4,0.00,173.33,0.00
104.16.124.5,4,4,0.00,173.34,0.00
172.66.130.153,4,4,0.00,173.34,0.00
104.25.167.171,4,4,0.00,173.34,0.00
104.24.5.72,4,4,0.00,173.35,0.00
104.19.243.166,4,4,0.00,173.35,0.00
104.20.0.112,4,4,0.00,173.35,0.00
172.65.95.121,4,4,0.00,173.35,0.00
172.65.19.151,4,4,0.00,173.36,0.00
172.65.197.146,4,4,0.00,173.36,0.00
104.24.213.31,4,4,0.00,173.37,0.00
172.65.24.98,4,4,0.00,173.38,0.00
104.24.240.168,4,4,0.00,173.40,0.00
104.25.219.13,4,4,0.00,173.42,0.00
172.67.250.29,4,4,0.00,173.42,0.00
104.27.121.217,4,4,0.00,173.42,0.00
104.25.65.56,4,4,0.00,173.42,0.00
104.25.14.57,4,4,0.00,173.43,0.00
104.19.174.18,4,4,0.00,173.44,0.00
104.24.73.151,4,4,0.00,173.44,0.00
172.65.18.132,4,4,0.00,173.45,0.00
172.65.74.78,4,4,0.00,173.45,0.00
104.25.137.66,4,4,0.00,173.46,0.00
104.25.192.245,4,4,0.00,173.46,0.00
104.17.8.219,4,4,0.00,173.47,0.00
104.18.106.138,4,4,0.00,173.47,0.00
104.16.189.160,4,4,0.00,173.48,0.00
104.17.15.246,4,4,0.00,173.49,0.00
104.16.69.189,4,4,0.00,173.49,0.00
104.24.161.143,4,4,0.00,173.49,0.00
104.25.193.241,4,4,0.00,173.49,0.00
104.18.204.116,4,4,0.00,173.50,0.00
104.24.188.50,4,4,0.00,173.51,0.00
172.65.149.222,4,4,0.00,173.51,0.00
172.66.150.1,4,4,0.00,173.52,0.00
104.21.78.30,4,4,0.00,173.53,0.00
104.25.22.156,4,4,0.00,173.53,0.00
104.25.52.217,4,4,0.00,173.53,0.00
104.17.75.219,4,4,0.00,173.53,0.00
104.16.212.226,4,4,0.00,173.54,0.00
198.41.196.91,4,4,0.00,173.55,0.00
104.24.40.170,4,4,0.00,173.55,0.00
172.67.94.85,4,4,0.00,173.55,0.00
172.65.82.2,4,4,0.00,173.56,0.00
104.25.81.220,4,4,0.00,173.57,0.00
104.21.14.53,4,4,0.00,173.57,0.00
104.25.153.114,4,4,0.00,173.57,0.00
172.67.222.78,4,4,0.00,173.59,0.00
172.65.167.113,4,4,0.00,173.59,0.00
104.25.42.36,4,4,0.00,173.60,0.00
104.25.24.208,4,4,0.00,173.60,0.00
104.21.34.69,4,4,0.00,173.62,0.00
172.67.113.42,4,4,0.00,173.62,0.00
104.25.179.91,4,4,0.00,173.62,0.00
172.65.105.169,4,4,0.00,173.63,0.00
172.66.214.60,4,4,0.00,173.63,0.00
172.67.65.210,4,4,0.00,173.63,0.00
172.65.27.245,4,4,0.00,173.64,0.00
104.27.79.210,4,4,0.00,173.64,0.00
104.16.235.148,4,4,0.00,173.66,0.00
104.23.105.73,4,4,0.00,173.67,0.00
104.16.174.16,4,4,0.00,173.67,0.00
172.65.13.8,4,4,0.00,173.67,0.00
104.25.149.139,4,4,0.00,173.68,0.00
104.21.113.16,4,4,0.00,173.68,0.00
104.24.48.35,4,4,0.00,173.68,0.00
104.25.6.39,4,4,0.00,173.68,0.00
104.23.130.20,4,4,0.00,173.69,0.00
104.25.25.109,4,4,0.00,173.69,0.00
104.27.94.135,4,4,0.00,173.70,0.00
104.21.89.87,4,4,0.00,173.70,0.00
172.65.244.174,4,4,0.00,173.72,0.00
172.67.54.140,4,4,0.00,173.72,0.00
172.67.210.122,4,4,0.00,173.73,0.00
172.66.166.240,4,4,0.00,173.74,0.00
104.27.109.219,4,4,0.00,173.74,0.00
104.27.115.74,4,4,0.00,173.74,0.00
104.21.60.166,4,4,0.00,173.74,0.00
104.24.187.253,4,4,0.00,173.75,0.00
104.24.190.130,4,4,0.00,173.76,0.00
104.21.117.141,4,4,0.00,173.76,0.00
104.24.243.57,4,4,0.00,173.76,0.00
172.67.16.45,4,4,0.00,173.76,0.00
104.23.129.58,4,4,0.00,173.77,0.00
104.25.66.213,4,4,0.00,173.77,0.00
198.41.217.100,4,4,0.00,173.77,0.00
104.16.91.2,4,4,0.00,173.77,0.00
172.65.48.163,4,4,0.00,173.78,0.00
104.27.73.126,4,4,0.00,173.78,0.00
104.21.85.164,4,4,0.00,173.78,0.00
172.67.235.156,4,4,0.00,173.79,0.00
104.23.120.117,4,4,0.00,173.79,0.00
104.25.19.177,4,4,0.00,173.80,0.00
104.27.7.66,4,4,0.00,173.81,0.00
172.65.161.247,4,4,0.00,173.82,0.00
104.24.234.55,4,4,0.00,173.82,0.00
104.16.28.102,4,4,0.00,173.83,0.00
173.245.58.52,4,4,0.00,173.84,0.00
104.21.25.185,4,4,0.00,173.84,0.00
104.25.166.151,4,4,0.00,173.84,0.00
104.27.105.159,4,4,0.00,173.84,0.00
104.16.87.131,4,4,0.00,173.85,0.00
104.25.155.145,4,4,0.00,173.85,0.00
104.22.19.104,4,4,0.00,173.86,0.00
108.162.194.5,4,4,0.00,173.86,0.00
104.21.213.1,4,4,0.00,173.88,0.00
172.67.221.230,4,4,0.00,173.88,0.00
104.24.176.228,4,4,0.00,173.88,0.00
104.23.127.182,4,4,0.00,173.89,0.00
104.27.58.176,4,4,0.00,173.89,0.00
172.67.236.229,4,4,0.00,173.90,0.00
172.66.217.117,4,4,0.00,173.91,0.00
172.65.133.158,4,4,0.00,173.91,0.00
172.65.56.74,4,4,0.00,173.93,0.00
104.19.77.72,4,4,0.00,173.93,0.00
104.24.60.123,4,4,0.00,173.94,0.00
104.25.191.232,4,4,0.00,173.94,0.00
172.65.114.242,4,4,0.00,173.95,0.00
172.67.177.21,4,4,0.00,173.96,0.00
104.16.95.26,4,4,0.00,173.96,0.00
104.24.8.137,4,4,0.00,173.97,0.00
104.17.13.127,4,4,0.00,173.97,0.00
104.24.186.128,4,4,0.00,173.98,0.00
104.27.23.122,4,4,0.00,173.98,0.00
104.24.30.14,4,4,0.00,173.99,0.00
162.159.245.1,4,4,0.00,174.00,0.00
104.24.80.88,4,4,0.00,174.00,0.00
104.25.146.183,4,4,0.00,174.00,0.00
188.114.99.203,4,4,0.00,174.00,0.00
172.67.49.151,4,4,0.00,174.03,0.00
104.16.237.25,4,4,0.00,174.03,0.00
104.16.76.115,4,4,0.00,174.04,0.00
104.25.47.23,4,4,0.00,174.06,0.00
104.27.68.37,4,4,0.00,174.06,0.00
104.23.117.80,4,4,0.00,174.10,0.00
104.21.96.128,4,4,0.00,174.10,0.00
104.25.183.180,4,4,0.00,174.10,0.00
104.22.29.169,4,4,0.00,174.11,0.00
172.65.163.153,4,4,0.00,174.12,0.00
104.23.119.67,4,4,0.00,174.14,0.00
104.27.198.157,4,4,0.00,174.14,0.00
104.21.27.8,4,4,0.00,174.15,0.00
104.21.209.37,4,4,0.00,174.15,0.00
104.24.36.138,4,4,0.00,174.16,0.00
104.21.210.53,4,4,0.00,174.16,0.00
172.65.50.173,4,4,0.00,174.16,0.00
172.66.3.100,4,4,0.00,174.16,0.00
172.65.23.80,4,4,0.00,174.17,0.00
104.21.127.114,4,4,0.00,174.17,0.00
104.25.36.21,4,4,0.00,174.18,0.00
162.159.14.54,4,4,0.00,174.19,0.00
172.65.58.54,4,4,0.00,174.19,0.00
104.27.203.217,4,4,0.00,174.20,0.00
162.159.255.202,4,4,0.00,174.20,0.00
104.16.171.210,4,4,0.00,174.21,0.00
104.24.226.175,4,4,0.00,174.22,0.00
104.17.38.122,4,4,0.00,174.22,0.00
104.24.203.249,4,4,0.00,174.24,0.00
104.24.217.203,4,4,0.00,174.24,0.00
104.21.121.6,4,4,0.00,174.24,0.00
104.27.82.45,4,4,0.00,174.25,0.00
172.67.225.136,4,4,0.00,174.26,0.00
104.27.43.188,4,4,0.00,174.26,0.00
104.27.116.199,4,4,0.00,174.27,0.00
104.25.218.202,4,4,0.00,174.28,0.00
172.65.150.189,4,4,0.00,174.28,0.00
198.41.223.239,4,4,0.00,174.29,0.00
104.21.63.154,4,4,0.00,174.29,0.00
172.65.175.79,4,4,0.00,174.29,0.00
104.24.91.86,4,4,0.00,174.30,0.00
172.67.32.215,4,4,0.00,174.31,0.00
172.66.212.16,4,4,0.00,174.31,0.00
104.27.204.226,4,4,0.00,174.32,0.00
172.65.83.250,4,4,0.00,174.33,0.00
104.16.216.149,4,4,0.00,174.34,0.00
104.27.55.114,4,4,0.00,174.34,0.00
104.22.25.36,4,4,0.00,174.36,0.00
104.25.184.13,4,4,0.00,174.37,0.00
172.66.137.38,4,4,0.00,174.37,0.00
172.67.35.225,4,4,0.00,174.37,0.00
104.25.43.18,4,4,0.00,174.37,0.00
104.25.96.229,4,4,0.00,174.39,0.00
104.24.45.53,4,4,0.00,174.40,0.00
104.25.70.100,4,4,0.00,174.40,0.00
104.27.33.134,4,4,0.00,174.41,0.00
104.16.222.170,4,4,0.00,174.41,0.00
104.16.65.74,4,4,0.00,174.42,0.00
104.27.20.226,4,4,0.00,174.43,0.00
104.16.226.110,4,4,0.00,174.43,0.00
172.65.111.25,4,4,0.00,174.44,0.00
104.16.233.192,4,4,0.00,174.44,0.00
104.27.126.59,4,4,0.00,174.44,0.00
104.24.157.170,4,4,0.00,174.45,0.00
104.25.9.26,4,4,0.00,174.45,0.00
172.67.240.212,4,4,0.00,174.45,0.00
104.24.206.239,4,4,0.00,174.45,0.00
104.25.206.2,4,4,0.00,174.45,0.00
104.16.21.92,4,4,0.00,174.46,0.00
104.24.237.31,4,4,0.00,174.46,0.00
172.67.219.191,4,4,0.00,174.48,0.00
104.18.103.68,4,4,0.00,174.48,0.00
104.25.11.98,4,4,0.00,174.48,0.00
104.27.30.165,4,4,0.00,174.48,0.00
104.24.152.37,4,4,0.00,174.48,0.00
141.101.113.62,4,4,0.00,174.49,0.00
104.21.10.43,4,4,0.00,174.51,0.00
104.24.63.226,4,4,0.00,174.52,0.00
104.27.75.114,4,4,0.00,174.53,0.00
104.25.178.18,4,4,0.00,174.55,0.00
172.66.1.30,4,4,0.00,174.55,0.00
104.24.38.36,4,4,0.00,174.56,0.00
104.21.45.156,4,4,0.00,174.56,0.00
104.25.203.196,4,4,0.00,174.57,0.00
172.65.155.185,4,4,0.00,174.57,0.00
104.25.227.229,4,4,0.00,174.58,0.00
172.67.52.32,4,4,0.00,174.58,0.00
104.21.19.223,4,4,0.00,174.58,0.00
104.21.205.23,4,4,0.00,174.58,0.00
198.41.201.203,4,4,0.00,174.59,0.00
104.21.75.17,4,4,0.00,174.59,0.00
104.16.228.96,4,4,0.00,174.60,0.00
172.65.81.130,4,4,0.00,174.61,0.00
198.41.197.207,4,4,0.00,174.61,0.00
104.25.217.3,4,4,0.00,174.61,0.00
172.66.172.82,4,4,0.00,174.62,0.00
172.65.14.232,4,4,0.00,174.62,0.00
104.21.42.100,4,4,0.00,174.65,0.00
104.23.108.68,4,4,0.00,174.66,0.00
104.24.227.96,4,4,0.00,174.66,0.00
172.66.201.11,4,4,0.00,174.66,0.00
104.17.69.135,4,4,0.00,174.68,0.00
104.27.195.64,4,4,0.00,174.68,0.00
104.17.71.190,4,4,0.00,174.69,0.00
172.65.106.172,4,4,0.00,174.69,0.00
104.27.47.172,4,4,0.00,174.69,0.00
104.25.162.115,4,4,0.00,174.69,0.00
104.22.20.226,4,4,0.00,174.70,0.00
172.65.117.114,4,4,0.00,174.70,0.00
104.19.250.152,4,4,0.00,174.71,0.00
104.25.40.100,4,4,0.00,174.72,0.00
104.25.150.167,4,4,0.00,174.75,0.00
104.21.223.190,4,4,0.00,174.75,0.00
104.21.51.92,4,4,0.00,174.76,0.00
172.67.115.171,4,4,0.00,174.77,0.00
104.16.112.138,4,4,0.00,174.77,0.00
172.65.0.182,4,4,0.00,174.78,0.00
172.67.41.24,4,4,0.00,174.79,0.00
172.67.42.247,4,4,0.00,174.79,0.00
172.66.41.40,4,4,0.00,174.81,0.00
104.25.34.169,4,4,0.00,174.82,0.00
104.24.78.74,4,4,0.00,174.83,0.00
104.24.229.33,4,4,0.00,174.83,0.00
172.65.21.70,4,4,0.00,174.84,0.00
172.65.251.18,4,4,0.00,174.84,0.00
104.25.176.133,4,4,0.00,174.84,0.00
104.21.100.27,4,4,0.00,174.84,0.00
104.25.139.184,4,4,0.00,174.85,0.00
162.159.16.151,4,4,0.00,174.85,0.00
104.21.40.10,4,4,0.00,174.85,0.00
104.25.185.67,4,4,0.00,174.85,0.00
104.27.60.29,4,4,0.00,174.86,0.00
104.16.72.15,4,4,0.00,174.86,0.00
104.21.58.176,4,4,0.00,174.86,0.00
104.21.6.24,4,4,0.00,174.86,0.00
172.67.45.243,4,4,0.00,174.87,0.00
104.17.64.91,4,4,0.00,174.87,0.00
104.27.22.52,4,4,0.00,174.88,0.00
104.24.25.196,4,4,0.00,174.89,0.00
172.65.127.99,4,4,0.00,174.90,0.00
104.21.43.195,4,4,0.00,174.90,0.00
198.41.218.23,4,4,0.00,174.91,0.00
104.19.27.97,4,4,0.00,174.92,0.00
172.65.51.26,4,4,0.00,174.93,0.00
104.17.33.67,4,4,0.00,174.94,0.00
172.67.102.162,4,4,0.00,174.94,0.00
104.20.13.31,4,4,0.00,174.95,0.00
104.25.120.230,4,4,0.00,174.96,0.00
104.16.173.116,4,4,0.00,174.97,0.00
162.159.253.40,4,4,0.00,174.97,0.00
172.66.161.104,4,4,0.00,174.98,0.00
162.159.249.214,4,4,0.00,174.98,0.00
104.17.10.224,4,4,0.00,174.98,0.00
104.20.8.127,4,4,0.00,174.98,0.00
172.67.220.187,4,4,0.00,174.98,0.00
104.17.65.32,4,4,0.00,174.99,0.00
104.24.208.170,4,4,0.00,175.00,0.00
104.17.45.144,4,4,0.00,175.00,0.00
172.65.108.32,4,4,0.00,175.00,0.00
104.27.51.221,4,4,0.00,175.00,0.00
172.65.15.93,4,4,0.00,175.01,0.00
104.22.27.156,4,4,0.00,175.01,0.00
104.21.72.144,4,4,0.00,175.01,0.00
104.19.120.46,4,4,0.00,175.01,0.00
104.21.99.196,4,4,0.00,175.02,0.00
104.25.95.50,4,4,0.00,175.02,0.00
104.16.209.238,4,4,0.00,175.03,0.00
104.17.87.63,4,4,0.00,175.03,0.00
104.17.66.144,4,4,0.00,175.04,0.00
172.65.49.4,4,4,0.00,175.05,0.00
162.159.60.239,4,4,0.00,175.06,0.00
104.25.57.57,4,4,0.00,175.07,0.00
104.25.189.169,4,4,0.00,175.07,0.00
104.24.133.110,4,4,0.00,175.07,0.00
104.27.113.219,4,4,0.00,175.08,0.00
172.66.143.63,4,4,0.00,175.09,0.00
104.16.67.19,4,4,0.00,175.09,0.00
104.24.230.27,4,4,0.00,175.09,0.00
172.65.162.216,4,4,0.00,175.10,0.00
104.16.215.5,4,4,0.00,175.10,0.00
104.23.116.186,4,4,0.00,175.10,0.00
104.25.84.35,4,4,0.00,175.11,0.00
172.67.185.62,4,4,0.00,175.12,0.00
172.65.165.228,4,4,0.00,175.14,0.00
104.24.18.106,4,4,0.00,175.15,0.00
104.16.92.154,4,4,0.00,175.16,0.00
104.24.19.204,4,4,0.00,175.16,0.00
172.65.59.105,4,4,0.00,175.16,0.00
104.24.94.150,4,4,0.00,175.16,0.00
104.25.92.5,4,4,0.00,175.16,0.00
104.16.88.183,4,4,0.00,175.17,0.00
104.25.89.195,4,4,0.00,175.18,0.00
104.24.162.162,4,4,0.00,175.19,0.00
104.21.214.171,4,4,0.00,175.19,0.00
172.65.129.10,4,4,0.00,175.20,0.00
172.64.53.150,4,4,0.00,175.21,0.00
172.67.88.146,4,4,0.00,175.21,0.00
172.67.95.3,4,4,0.00,175.22,0.00
172.64.41.44,4,4,0.00,175.23,0.00
172.65.115.186,4,4,0.00,175.23,0.00
104.21.115.147,4,4,0.00,175.24,0.00
104.21.36.122,4,4,0.00,175.24,0.00
172.65.242.115,4,4,0.00,175.25,0.00
172.66.175.222,4,4,0.00,175.26,0.00
104.16.16.100,4,4,0.00,175.28,0.00
172.66.155.85,4,4,0.00,175.28,0.00
104.21.4.132,4,4,0.00,175.29,0.00
104.23.134.115,4,4,0.00,175.31,0.00
104.21.220.128,4,4,0.00,175.32,0.00
104.16.236.34,4,4,0.00,175.32,0.00
172.65.246.248,4,4,0.00,175.33,0.00
104.21.90.65,4,4,0.00,175.34,0.00
104.21.196.161,4,4,0.00,175.35,0.00
172.67.83.99,4,4,0.00,175.36,0.00
104.25.86.27,4,4,0.00,175.36,0.00
172.65.54.54,4,4,0.00,175.37,0.00
172.67.55.161,4,4,0.00,175.37,0.00
172.64.69.122,4,4,0.00,175.37,0.00
104.18.131.41,4,4,0.00,175.40,0.00
104.25.209.177,4,4,0.00,175.40,0.00
104.25.143.212,4,4,0.00,175.41,0.00
104.17.7.172,4,4,0.00,175.41,0.00
104.20.11.31,4,4,0.00,175.41,0.00
104.21.84.118,4,4,0.00,175.42,0.00
104.23.124.116,4,4,0.00,175.42,0.00
104.24.46.11,4,4,0.00,175.42,0.00
162.159.26.53,4,4,0.00,175.42,0.00
104.16.113.144,4,4,0.00,175.42,0.00
104.23.112.23,4,4,0.00,175.42,0.00
104.16.84.96,4,4,0.00,175.42,0.00
104.25.60.169,4,4,0.00,175.44,0.00
104.24.59.174,4,4,0.00,175.44,0.00
104.21.122.26,4,4,0.00,175.47,0.00
104.27.27.184,4,4,0.00,175.47,0.00
172.67.43.35,4,4,0.00,175.47,0.00
172.65.164.14,4,4,0.00,175.48,0.00
172.65.130.70,4,4,0.00,175.48,0.00
104.24.214.232,4,4,0.00,175.48,0.00
104.21.50.147,4,4,0.00,175.49,0.00
104.25.39.246,4,4,0.00,175.49,0.00
172.64.88.15,4,4,0.00,175.50,0.00
172.65.254.243,4,4,0.00,175.51,0.00
104.27.12.173,4,4,0.00,175.51,0.00
104.16.89.183,4,4,0.00,175.52,0.00
104.22.11.108,4,4,0.00,175.52,0.00
104.27.206.24,4,4,0.00,175.53,0.00
104.16.161.194,4,4,0.00,175.53,0.00
172.67.89.121,4,4,0.00,175.55,0.00
104.24.153.152,4,4,0.00,175.55,0.00
104.24.145.175,4,4,0.00,175.56,0.00
172.65.170.41,4,4,0.00,175.57,0.00
172.65.78.227,4,4,0.00,175.57,0.00
104.25.147.195,4,4,0.00,175.57,0.00
104.16.86.214,4,4,0.00,175.60,0.00
104.27.118.111,4,4,0.00,175.61,0.00
104.23.115.7,4,4,0.00,175.61,0.00
104.24.14.174,4,4,0.00,175.61,0.00
104.27.31.211,4,4,0.00,175.62,0.00
104.24.209.198,4,4,0.00,175.66,0.00
104.21.22.164,4,4,0.00,175.66,0.00
104.24.43.74,4,4,0.00,175.66,0.00
104.17.42.127,4,4,0.00,175.66,0.00
172.67.179.250,4,4,0.00,175.67,0.00
104.19.249.220,4,4,0.00,175.69,0.00
104.25.195.198,4,4,0.00,175.69,0.00
172.65.157.137,4,4,0.00,175.70,0.00
104.27.69.171,4,4,0.00,175.71,0.00
162.159.248.104,4,4,0.00,175.72,0.00
172.66.170.112,4,4,0.00,175.72,0.00
104.20.2.219,4,4,0.00,175.73,0.00
104.21.86.187,4,4,0.00,175.74,0.00
104.25.126.8,4,4,0.00,175.74,0.00
104.27.52.148,4,4,0.00,175.74,0.00
172.66.177.201,4,4,0.00,175.75,0.00
104.27.95.13,4,4,0.00,175.75,0.00
172.66.213.72,4,4,0.00,175.75,0.00
104.21.111.136,4,4,0.00,175.76,0.00
104.24.166.131,4,4,0.00,175.76,0.00
104.27.50.37,4,4,0.00,175.76,0.00
104.16.30.97,4,4,0.00,175.77,0.00
172.64.149.135,4,4,0.00,175.78,0.00
104.19.23.54,4,4,0.00,175.79,0.00
104.21.81.87,4,4,0.00,175.80,0.00
104.25.68.253,4,4,0.00,175.80,0.00
104.22.17.200,4,4,0.00,175.80,0.00
104.25.69.9,4,4,0.00,175.81,0.00
104.24.31.80,4,4,0.00,175.81,0.00
104.25.110.210,4,4,0.00,175.81,0.00
104.17.72.41,4,4,0.00,175.84,0.00
104.25.163.122,4,4,0.00,175.85,0.00
104.27.192.107,4,4,0.00,175.85,0.00
104.25.173.244,4,4,0.00,175.85,0.00
172.65.98.215,4,4,0.00,175.87,0.00
172.65.160.36,4,4,0.00,175.88,0.00
104.19.30.8,4,4,0.00,175.90,0.00
104.27.13.91,4,4,0.00,175.90,0.00
198.41.204.49,4,4,0.00,175.90,0.00
172.67.104.189,4,4,0.00,175.90,0.00
104.16.175.149,4,4,0.00,175.91,0.00
104.27.15.6,4,4,0.00,175.94,0.00
104.24.92.132,4,4,0.00,175.95,0.00
104.19.25.88,4,4,0.00,175.96,0.00
104.24.196.86,4,4,0.00,175.96,0.00
172.65.22.163,4,4,0.00,175.97,0.00
104.25.7.207,4,4,0.00,175.98,0.00
172.67.184.174,4,4,0.00,175.98,0.00
104.21.67.76,4,4,0.00,175.98,0.00
104.27.77.176,4,4,0.00,175.99,0.00
172.66.145.239,4,4,0.00,176.00,0.00
104.21.119.20,4,4,0.00,176.00,0.00
104.21.105.88,4,4,0.00,176.00,0.00
104.23.104.185,4,4,0.00,176.00,0.00
104.27.194.3,4,4,0.00,176.00,0.00
188.114.97.240,4,4,0.00,176.01,0.00
104.16.18.250,4,4,0.00,176.01,0.00
172.67.117.153,4,4,0.00,176.02,0.00
104.17.91.55,4,4,0.00,176.02,0.00
172.65.52.83,4,4,0.00,176.03,0.00
141.101.121.93,4,4,0.00,176.03,0.00
104.24.222.196,4,4,0.00,176.03,0.00
104.27.66.105,4,4,0.00,176.04,0.00
172.65.30.128,4,4,0.00,176.04,0.00
172.66.133.175,4,4,0.00,176.04,0.00
162.159.32.1,4,4,0.00,176.04,0.00
172.66.138.143,4,4,0.00,176.05,0.00
104.16.172.74,4,4,0.00,176.07,0.00
104.17.94.1,4,4,0.00,176.07,0.00
172.67.90.213,4,4,0.00,176.08,0.00
104.25.221.91,4,4,0.00,176.08,0.00
172.67.100.57,4,4,0.00,176.08,0.00
104.22.5.151,4,4,0.00,176.09,0.00
198.41.215.51,4,4,0.00,176.10,0.00
104.21.215.45,4,4,0.00,176.10,0.00
172.67.245.78,4,4,0.00,176.11,0.00
172.67.122.143,4,4,0.00,176.11,0.00
172.67.249.1,4,4,0.00,176.12,0.00
104.16.191.233,4,4,0.00,176.12,0.00
104.24.55.179,4,4,0.00,176.13,0.00
104.19.22.183,4,4,0.00,176.13,0.00
104.21.118.108,4,4,0.00,176.13,0.00
104.23.103.238,4,4,0.00,176.13,0.00
104.18.8.65,4,4,0.00,176.15,0.00
104.17.34.143,4,4,0.00,176.16,0.00
172.67.233.135,4,4,0.00,176.16,0.00
172.65.247.72,4,4,0.00,176.16,0.00
104.17.92.162,4,4,0.00,176.16,0.00
104.21.101.94,4,4,0.00,176.17,0.00
172.65.126.226,4,4,0.00,176.17,0.00
172.67.47.124,4,4,0.00,176.18,0.00
172.65.135.57,4,4,0.00,176.19,0.00
162.159.17.184,4,4,0.00,176.19,0.00
104.21.123.197,4,4,0.00,176.20,0.00
104.21.193.177,4,4,0.00,176.20,0.00
104.24.134.30,4,4,0.00,176.22,0.00
104.16.64.144,4,4,0.00,176.22,0.00
104.24.10.220,4,4,0.00,176.24,0.00
104.24.68.204,4,4,0.00,176.24,0.00
172.66.176.19,4,4,0.00,176.25,0.00
172.65.5.236,4,4,0.00,176.26,0.00
104.16.188.209,4,4,0.00,176.26,0.00
104.21.49.210,4,4,0.00,176.27,0.00
104.25.125.146,4,4,0.00,176.29,0.00
104.23.114.87,4,4,0.00,176.30,0.00
172.64.33.134,4,4,0.00,176.31,0.00
104.24.81.92,4,4,0.00,176.32,0.00
162.159.250.70,4,4,0.00,176.32,0.00
104.27.111.113,4,4,0.00,176.33,0.00
172.66.2.122,4,4,0.00,176.33,0.00
172.65.67.189,4,4,0.00,176.34,0.00
104.24.47.146,4,4,0.00,176.34,0.00
104.25.239.169,4,4,0.00,176.34,0.00
104.25.73.191,4,4,0.00,176.35,0.00
162.159.254.174,4,4,0.00,176.35,0.00
104.25.131.61,4,4,0.00,176.35,0.00
104.24.205.39,4,4,0.00,176.36,0.00
162.159.194.106,4,4,0.00,176.38,0.00
172.65.94.55,4,4,0.00,176.40,0.00
172.65.143.121,4,4,0.00,176.41,0.00
104.17.12.226,4,4,0.00,176.43,0.00
172.66.42.51,4,4,0.00,176.44,0.00
172.65.109.104,4,4,0.00,176.45,0.00
104.27.106.71,4,4,0.00,176.45,0.00
104.21.54.241,4,4,0.00,176.45,0.00
104.21.103.112,4,4,0.00,176.46,0.00
104.25.182.237,4,4,0.00,176.46,0.00
172.66.198.225,4,4,0.00,176.46,0.00
104.24.204.160,4,4,0.00,176.47,0.00
172.65.16.64,4,4,0.00,176.47,0.00
172.65.166.60,4,4,0.00,176.47,0.00
172.65.192.203,4,4,0.00,176.48,0.00
104.25.112.169,4,4,0.00,176.48,0.00
173.245.49.3,4,4,0.00,176.51,0.00
104.23.132.88,4,4,0.00,176.51,0.00
104.24.74.143,4,4,0.00,176.52,0.00
104.21.9.27,4,4,0.00,176.52,0.00
104.16.178.142,4,4,0.00,176.52,0.00
104.24.58.140,4,4,0.00,176.53,0.00
162.159.12.254,4,4,0.00,176.55,0.00
172.66.131.58,4,4,0.00,176.56,0.00
104.21.37.183,4,4,0.00,176.57,0.00
104.19.26.53,4,4,0.00,176.59,0.00
104.27.39.75,4,4,0.00,176.59,0.00
172.65.100.205,4,4,0.00,176.60,0.00
104.25.127.84,4,4,0.00,176.60,0.00
104.24.218.181,4,4,0.00,176.61,0.00
104.24.79.97,4,4,0.00,176.61,0.00
104.17.90.212,4,4,0.00,176.62,0.00
104.27.202.12,4,4,0.00,176.62,0.00
172.67.19.13,4,4,0.00,176.62,0.00
104.24.27.38,4,4,0.00,176.63,0.00
104.25.148.161,4,4,0.00,176.63,0.00
104.20.9.185,4,4,0.00,176.65,0.00
162.159.33.174,4,4,0.00,176.67,0.00
172.66.132.228,4,4,0.00,176.68,0.00
172.64.47.219,4,4,0.00,176.69,0.00
104.25.48.194,4,4,0.00,176.69,0.00
104.21.7.187,4,4,0.00,176.70,0.00
172.65.193.121,4,4,0.00,176.73,0.00
172.67.81.73,4,4,0.00,176.74,0.00
104.27.104.109,4,4,0.00,176.76,0.00
198.41.200.236,4,4,0.00,176.76,0.00
172.66.194.192,4,4,0.00,176.77,0.00
104.25.62.156,4,4,0.00,176.77,0.00
172.66.136.222,4,4,0.00,176.78,0.00
104.24.248.97,4,4,0.00,176.78,0.00
104.16.70.156,4,4,0.00,176.79,0.00
104.27.42.51,4,4,0.00,176.81,0.00
104.27.25.131,4,4,0.00,176.82,0.00
172.66.165.97,4,4,0.00,176.82,0.00
172.67.59.148,4,4,0.00,176.82,0.00
104.25.13.225,4,4,0.00,176.82,0.00
104.22.0.97,4,4,0.00,176.82,0.00
104.23.143.66,4,4,0.00,176.82,0.00
104.21.218.9,4,4,0.00,176.83,0.00
104.25.117.135,4,4,0.00,176.85,0.00
104.24.215.134,4,4,0.00,176.86,0.00
172.67.36.62,4,4,0.00,176.90,0.00
172.67.67.211,4,4,0.00,176.90,0.00
104.21.212.105,4,4,0.00,176.91,0.00
104.24.211.16,4,4,0.00,176.91,0.00
172.67.186.109,4,4,0.00,176.92,0.00
104.27.41.74,4,4,0.00,176.92,0.00
104.24.130.85,4,4,0.00,176.93,0.00
172.67.181.97,4,4,0.00,176.93,0.00
104.25.1.192,4,4,0.00,176.93,0.00
104.27.16.8,4,4,0.00,176.93,0.00
104.21.219.152,4,4,0.00,176.95,0.00
104.25.210.245,4,4,0.00,176.95,0.00
198.41.192.100,4,4,0.00,176.96,0.00
104.27.97.158,4,4,0.00,176.96,0.00
104.21.107.174,4,4,0.00,176.96,0.00
104.21.29.187,4,4,0.00,176.97,0.00
104.23.99.247,4,4,0.00,176.97,0.00
104.27.24.186,4,4,0.00,176.98,0.00
172.67.40.190,4,4,0.00,177.00,0.00
104.21.124.158,4,4,0.00,177.01,0.00
104.17.79.102,4,4,0.00,177.01,0.00
104.21.98.191,4,4,0.00,177.01,0.00
104.18.32.72,4,4,0.00,177.02,0.00
162.159.199.142,4,4,0.00,177.02,0.00
104.25.77.77,4,4,0.00,177.02,0.00
104.25.63.150,4,4,0.00,177.03,0.00
104.16.119.149,4,4,0.00,177.04,0.00
104.18.41.245,4,4,0.00,177.04,0.00
104.24.160.59,4,4,0.00,177.04,0.00
104.24.189.13,4,4,0.00,177.05,0.00
104.21.203.174,4,4,0.00,177.06,0.00
104.25.142.109,4,4,0.00,177.07,0.00
172.65.120.248,4,4,0.00,177.08,0.00
104.16.163.66,4,4,0.00,177.08,0.00
104.19.199.228,4,4,0.00,177.09,0.00
172.64.86.154,4,4,0.00,177.10,0.00
104.24.181.199,4,4,0.00,177.10,0.00
104.25.186.42,4,4,0.00,177.12,0.00
104.24.228.238,4,4,0.00,177.13,0.00
104.17.84.60,4,4,0.00,177.13,0.00
104.16.231.131,4,4,0.00,177.14,0.00
104.25.55.188,4,4,0.00,177.16,0.00
104.24.238.62,4,4,0.00,177.16,0.00
104.25.101.167,4,4,0.00,177.16,0.00
104.25.44.238,4,4,0.00,177.16,0.00
104.16.232.168,4,4,0.00,177.17,0.00
172.65.70.76,4,4,0.00,177.18,0.00
104.31.16.145,4,4,0.00,177.18,0.00
104.17.93.163,4,4,0.00,177.19,0.00
104.25.28.25,4,4,0.00,177.21,0.00
104.23.109.16,4,4,0.00,177.21,0.00
104.25.152.4,4,4,0.00,177.22,0.00
104.24.175.86,4,4,0.00,177.23,0.00
104.27.70.192,4,4,0.00,177.23,0.00
104.25.75.66,4,4,0.00,177.24,0.00
104.27.98.78,4,4,0.00,177.25,0.00
172.67.71.108,4,4,0.00,177.27,0.00
172.65.194.26,4,4,0.00,177.28,0.00
104.23.122.254,4,4,0.00,177.29,0.00
104.24.170.106,4,4,0.00,177.31,0.00
104.27.46.79,4,4,0.00,177.32,0.00
104.27.74.107,4,4,0.00,177.32,0.00
104.21.126.244,4,4,0.00,177.33,0.00
141.101.120.105,4,4,0.00,177.34,0.00
172.65.144.117,4,4,0.00,177.34,0.00
141.101.122.170,4,4,0.00,177.34,0.00
172.67.68.70,4,4,0.00,177.35,0.00
103.21.244.39,4,4,0.00,177.35,0.00
104.27.26.3,4,4,0.00,177.36,0.00
104.23.125.113,4,4,0.00,177.36,0.00
104.21.204.31,4,4,0.00,177.37,0.00
104.23.123.11,4,4,0.00,177.37,0.00
172.64.231.140,4,4,0.00,177.37,0.00
104.27.17.184,4,4,0.00,177.37,0.00
162.159.247.57,4,4,0.00,177.38,0.00
162.159.62.204,4,4,0.00,177.38,0.00
172.67.58.1,4,4,0.00,177.38,0.00
172.65.84.158,4,4,0.00,177.38,0.00
172.67.253.89,4,4,0.00,177.38,0.00
104.19.125.246,4,4,0.00,177.40,0.00
104.18.107.115,4,4,0.00,177.41,0.00
172.65.148.102,4,4,0.00,177.42,0.00
172.65.137.78,4,4,0.00,177.43,0.00
172.66.192.168,4,4,0.00,177.43,0.00
104.17.250.126,4,4,0.00,177.44,0.00
104.25.145.2,4,4,0.00,177.46,0.00
172.64.42.105,4,4,0.00,177.47,0.00
104.17.88.104,4,4,0.00,177.47,0.00
162.159.236.76,4,4,0.00,177.47,0.00
172.65.147.82,4,4,0.00,177.48,0.00
172.66.134.109,4,4,0.00,177.48,0.00
104.21.11.69,4,4,0.00,177.48,0.00
172.64.176.13,4,4,0.00,177.49,0.00
104.16.167.89,4,4,0.00,177.50,0.00
172.66.47.179,4,4,0.00,177.53,0.00
104.25.4.185,4,4,0.00,177.55,0.00
104.16.227.49,4,4,0.00,177.55,0.00
172.65.118.237,4,4,0.00,177.55,0.00
172.65.136.231,4,4,0.00,177.56,0.00
172.67.231.36,4,4,0.00,177.59,0.00
108.162.192.173,4,4,0.00,177.60,0.00
172.66.151.96,4,4,0.00,177.61,0.00
104.24.239.212,4,4,0.00,177.62,0.00
104.25.93.236,4,4,0.00,177.62,0.00
172.65.92.13,4,4,0.00,177.62,0.00
172.64.52.114,4,4,0.00,177.63,0.00
104.19.24.147,4,4,0.00,177.64,0.00
172.66.206.98,4,4,0.00,177.65,0.00
104.24.12.246,4,4,0.00,177.65,0.00
172.64.35.70,4,4,0.00,177.65,0.00
172.67.51.173,4,4,0.00,177.67,0.00
104.16.77.5,4,4,0.00,177.67,0.00
104.25.231.47,4,4,0.00,177.67,0.00
172.65.3.114,4,4,0.00,177.69,0.00
162.159.61.206,4,4,0.00,177.72,0.00
104.27.28.153,4,4,0.00,177.72,0.00
104.25.64.143,4,4,0.00,177.72,0.00
104.25.170.108,4,4,0.00,177.73,0.00
104.17.44.46,4,4,0.00,177.73,0.00
104.16.93.59,4,4,0.00,177.74,0.00
162.159.49.161,4,4,0.00,177.74,0.00
172.66.171.75,4,4,0.00,177.76,0.00
172.65.93.124,4,4,0.00,177.77,0.00
104.27.0.57,4,4,0.00,177.79,0.00
172.64.38.250,4,4,0.00,177.82,0.00
172.66.142.28,4,4,0.00,177.84,0.00
172.65.134.181,4,4,0.00,177.84,0.00
172.65.131.243,4,4,0.00,177.85,0.00
172.67.101.30,4,4,0.00,177.87,0.00
104.27.54.67,4,4,0.00,177.87,0.00
104.24.57.70,4,4,0.00,177.87,0.00
104.27.199.10,4,4,0.00,177.89,0.00
172.65.206.79,4,4,0.00,177.89,0.00
104.25.187.30,4,4,0.00,177.90,0.00
172.65.76.117,4,4,0.00,177.91,0.00
104.21.91.58,4,4,0.00,177.91,0.00
172.64.90.29,4,4,0.00,177.91,0.00
104.21.41.16,4,4,0.00,177.92,0.00
162.159.206.105,4,4,0.00,177.92,0.00
172.66.200.131,4,4,0.00,177.95,0.00
104.17.89.1,4,4,0.00,177.99,0.00
172.66.196.40,4,4,0.00,178.00,0.00
162.159.192.109,4,4,0.00,178.00,0.00
104.16.71.145,4,4,0.00,178.05,0.00
172.65.89.42,4,4,0.00,178.06,0.00
108.162.195.181,4,4,0.00,178.06,0.00
141.101.123.244,4,4,0.00,178.07,0.00
104.27.49.144,4,4,0.00,178.11,0.00
172.66.209.76,4,4,0.00,178.11,0.00
104.24.148.193,4,4,0.00,178.12,0.00
172.67.125.23,4,4,0.00,178.12,0.00
108.162.196.20,4,4,0.00,178.14,0.00
104.21.114.205,4,4,0.00,178.15,0.00
104.21.108.190,4,4,0.00,178.17,0.00
104.25.72.254,4,4,0.00,178.17,0.00
104.21.221.139,4,4,0.00,178.18,0.00
104.21.59.77,4,4,0.00,178.19,0.00
172.64.95.103,4,4,0.00,178.20,0.00
162.159.212.50,4,4,0.00,178.22,0.00
162.159.252.197,4,4,0.00,178.23,0.00
104.25.200.98,4,4,0.00,178.23,0.00
198.41.206.2,4,4,0.00,178.24,0.00
198.41.211.26,4,4,0.00,178.25,0.00
172.67.37.68,4,4,0.00,178.27,0.00
172.65.200.111,4,4,0.00,178.28,0.00
104.25.18.227,4,4,0.00,178.28,0.00
104.24.4.61,4,4,0.00,178.29,0.00
172.64.37.253,4,4,0.00,178.29,0.00
104.24.132.122,4,4,0.00,178.30,0.00
104.21.52.132,4,4,0.00,178.31,0.00
104.27.35.0,4,4,0.00,178.32,0.00
104.23.101.49,4,4,0.00,178.32,0.00
172.67.110.143,4,4,0.00,178.33,0.00
172.65.139.249,4,4,0.00,178.34,0.00
104.24.163.47,4,4,0.00,178.35,0.00
162.159.244.47,4,4,0.00,178.35,0.00
104.21.109.172,4,4,0.00,178.35,0.00
104.25.88.1,4,4,0.00,178.37,0.00
104.25.71.164,4,4,0.00,178.37,0.00
104.19.124.130,4,4,0.00,178.39,0.00
104.25.132.208,4,4,0.00,178.40,0.00
104.24.207.112,4,4,0.00,178.41,0.00
172.65.103.69,4,4,0.00,178.42,0.00
104.21.31.27,4,4,0.00,178.42,0.00
104.20.14.71,4,4,0.00,178.43,0.00
104.24.95.106,4,4,0.00,178.44,0.00
104.24.56.228,4,4,0.00,178.45,0.00
172.64.34.126,4,4,0.00,178.45,0.00
172.64.93.215,4,4,0.00,178.46,0.00
104.24.144.106,4,4,0.00,178.47,0.00
104.21.112.81,4,4,0.00,178.49,0.00
104.21.26.188,4,4,0.00,178.50,0.00
104.24.35.86,4,4,0.00,178.52,0.00
104.24.179.207,4,4,0.00,178.52,0.00
162.159.56.251,4,4,0.00,178.52,0.00
104.17.41.124,4,4,0.00,178.52,0.00
162.159.44.85,4,4,0.00,178.53,0.00
104.27.38.47,4,4,0.00,178.54,0.00
104.19.14.108,4,4,0.00,178.54,0.00
172.67.189.10,4,4,0.00,178.54,0.00
162.159.240.141,4,4,0.00,178.57,0.00
104.25.98.177,4,4,0.00,178.57,0.00
172.67.109.236,4,4,0.00,178.57,0.00
172.67.26.167,4,4,0.00,178.58,0.00
104.16.180.192,4,4,0.00,178.60,0.00
104.24.82.231,4,4,0.00,178.61,0.00
198.41.214.63,4,4,0.00,178.62,0.00
104.24.0.2,4,4,0.00,178.63,0.00
162.159.196.180,4,4,0.00,178.63,0.00
104.24.232.152,4,4,0.00,178.65,0.00
104.17.1.175,4,4,0.00,178.65,0.00
172.65.158.101,4,4,0.00,178.67,0.00
104.24.242.167,4,4,0.00,178.68,0.00
172.64.87.218,4,4,0.00,178.68,0.00
172.65.198.233,4,4,0.00,178.71,0.00
104.24.22.65,4,4,0.00,178.71,0.00
104.25.45.235,4,4,0.00,178.71,0.00
172.64.40.196,4,4,0.00,178.74,0.00
104.24.16.51,4,4,0.00,178.77,0.00
172.67.126.18,4,4,0.00,178.77,0.00
104.27.57.31,4,4,0.00,178.79,0.00
104.16.127.23,4,4,0.00,178.80,0.00
162.159.2.9,4,4,0.00,178.80,0.00
104.16.125.166,4,4,0.00,178.81,0.00
172.65.203.207,4,4,0.00,178.82,0.00
172.65.122.63,4,4,0.00,178.85,0.00
172.65.61.14,4,4,0.00,178.88,0.00
104.24.70.70,4,4,0.00,178.92,0.00
104.24.236.150,4,4,0.00,178.93,0.00
172.67.17.67,4,4,0.00,178.93,0.00
172.67.39.86,4,4,0.00,178.94,0.00
172.65.196.21,4,4,0.00,178.95,0.00
162.159.20.163,4,4,0.00,178.96,0.00
198.41.195.238,4,4,0.00,178.96,0.00
104.21.57.217,4,4,0.00,178.97,0.00
104.21.16.245,4,4,0.00,178.98,0.00
104.24.51.117,4,4,0.00,178.98,0.00
104.25.151.216,4,4,0.00,179.01,0.00
172.66.0.117,4,4,0.00,179.02,0.00
104.24.34.171,4,4,0.00,179.03,0.00
172.66.203.84,4,4,0.00,179.03,0.00
162.159.38.225,4,4,0.00,179.04,0.00
162.159.50.82,4,4,0.00,179.06,0.00
104.21.5.163,4,4,0.00,179.08,0.00
104.24.7.208,4,4,0.00,179.09,0.00
172.67.232.143,4,4,0.00,179.09,0.00
104.24.77.101,4,4,0.00,179.10,0.00
104.24.71.214,4,4,0.00,179.11,0.00
104.19.248.124,4,4,0.00,179.14,0.00
104.25.128.130,4,4,0.00,179.15,0.00
104.24.199.52,4,4,0.00,179.16,0.00
104.24.169.186,4,4,0.00,179.16,0.00
172.67.79.195,4,4,0.00,179.16,0.00
104.25.109.240,4,4,0.00,179.18,0.00
172.64.81.165,4,4,0.00,179.18,0.00
104.24.184.51,4,4,0.00,179.21,0.00
104.24.225.13,4,4,0.00,179.23,0.00
172.64.66.238,4,4,0.00,179.24,0.00
172.65.31.26,4,4,0.00,179.28,0.00
104.25.20.189,4,4,0.00,179.31,0.00
104.24.150.137,4,4,0.00,179.32,0.00
172.67.254.94,4,4,0.00,179.32,0.00
104.25.97.221,4,4,0.00,179.33,0.00
162.159.18.51,4,4,0.00,179.39,0.00
104.25.194.151,4,4,0.00,179.39,0.00
162.159.15.102,4,4,0.00,179.39,0.00
172.67.224.66,4,4,0.00,179.41,0.00
172.64.230.208,4,4,0.00,179.42,0.00
104.24.193.110,4,4,0.00,179.43,0.00
104.20.4.205,4,4,0.00,179.44,0.00
198.41.222.12,4,4,0.00,179.45,0.00
104.20.15.41,4,4,0.00,179.45,0.00
104.27.48.236,4,4,0.00,179.48,0.00
104.18.10.16,4,4,0.00,179.48,0.00
172.65.80.114,4,4,0.00,179.48,0.00
104.27.45.122,4,4,0.00,179.48,0.00
172.64.150.30,4,4,0.00,179.51,0.00
172.67.30.59,4,4,0.00,179.51,0.00
104.24.11.19,4,4,0.00,179.52,0.00
104.21.116.216,4,4,0.00,179.53,0.00
172.67.74.169,4,4,0.00,179.55,0.00
104.27.72.235,4,4,0.00,179.55,0.00
104.23.111.243,4,4,0.00,179.55,0.00
172.66.147.138,4,4,0.00,179.56,0.00
104.19.195.115,4,4,0.00,179.56,0.00
162.159.213.206,4,4,0.00,179.57,0.00
104.17.46.139,4,4,0.00,179.57,0.00
104.25.199.0,4,4,0.00,179.58,0.00
162.159.45.122,4,4,0.00,179.58,0.00
172.65.65.251,4,4,0.00,179.62,0.00
172.65.99.211,4,4,0.00,179.62,0.00
172.66.46.152,4,4,0.00,179.64,0.00
172.66.40.35,4,4,0.00,179.64,0.00
104.23.135.25,4,4,0.00,179.64,0.00
104.21.30.24,4,4,0.00,179.67,0.00
172.65.60.89,4,4,0.00,179.67,0.00
104.18.15.55,4,4,0.00,179.68,0.00
172.65.17.221,4,4,0.00,179.69,0.00
104.25.223.37,4,4,0.00,179.71,0.00
104.18.12.248,4,4,0.00,179.72,0.00
162.159.207.139,4,4,0.00,179.73,0.00
104.23.102.44,4,4,0.00,179.77,0.00
104.23.140.251,4,4,0.00,179.79,0.00
104.21.17.8,4,4,0.00,179.79,0.00
104.23.106.238,4,4,0.00,179.80,0.00
172.67.241.19,4,4,0.00,179.81,0.00
104.24.67.139,4,4,0.00,179.85,0.00
172.64.89.163,4,4,0.00,179.86,0.00
172.67.116.198,4,4,0.00,179.86,0.00
104.25.172.113,4,4,0.00,179.89,0.00
104.16.121.232,4,4,0.00,179.90,0.00
104.24.167.87,4,4,0.00,179.90,0.00
104.25.99.70,4,4,0.00,179.91,0.00
162.159.3.50,4,4,0.00,179.93,0.00
162.159.46.61,4,4,0.00,179.93,0.00
104.27.193.145,4,4,0.00,179.95,0.00
104.24.159.29,4,4,0.00,179.97,0.00
104.24.140.215,4,4,0.00,179.99,0.00
104.21.125.42,4,4,0.00,179.99,0.00
104.25.228.178,4,4,0.00,180.02,0.00
104.25.91.227,4,4,0.00,180.07,0.00
104.23.131.212,4,4,0.00,180.07,0.00
162.159.21.55,4,4,0.00,180.07,0.00
104.27.62.96,4,4,0.00,180.08,0.00
104.24.69.170,4,4,0.00,180.09,0.00
104.21.24.117,4,4,0.00,180.11,0.00
172.64.48.127,4,4,0.00,180.12,0.00
172.64.68.135,4,4,0.00,180.13,0.00
172.67.24.114,4,4,0.00,180.14,0.00
172.65.57.35,4,4,0.00,180.15,0.00
172.66.44.134,4,4,0.00,180.17,0.00
172.66.159.76,4,4,0.00,180.19,0.00
104.20.1.216,4,4,0.00,180.20,0.00
104.25.216.101,4,4,0.00,180.21,0.00
172.64.97.108,4,4,0.00,180.21,0.00
104.27.127.13,4,4,0.00,180.22,0.00
172.65.202.50,4,4,0.00,180.22,0.00
104.18.58.70,4,4,0.00,180.27,0.00
198.41.203.56,4,4,0.00,180.28,0.00
162.159.198.23,4,4,0.00,180.30,0.00
141.101.90.140,4,4,0.00,180.30,0.00
172.67.63.119,4,4,0.00,180.30,0.00
104.27.3.101,4,4,0.00,180.32,0.00
104.25.124.142,4,4,0.00,180.33,0.00
172.64.96.89,4,4,0.00,180.33,0.00
104.24.49.220,4,4,0.00,180.34,0.00
162.159.24.237,4,4,0.00,180.36,0.00
172.64.83.5,4,4,0.00,180.36,0.00
104.24.223.182,4,4,0.00,180.36,0.00
172.67.187.252,4,4,0.00,180.38,0.00
104.24.54.142,4,4,0.00,180.38,0.00
104.18.7.79,4,4,0.00,180.51,0.00
198.41.207.48,4,4,0.00,180.51,0.00
104.24.15.25,4,4,0.00,180.52,0.00
108.162.193.82,4,4,0.00,180.53,0.00
172.65.132.40,4,4,0.00,180.53,0.00
104.18.4.229,4,4,0.00,180.62,0.00
172.66.160.19,4,4,0.00,180.65,0.00
172.64.67.165,4,4,0.00,180.69,0.00
104.25.33.250,4,4,0.00,180.70,0.00
162.159.39.23,4,4,0.00,180.70,0.00
104.27.1.147,4,4,0.00,180.76,0.00
104.27.125.78,4,4,0.00,180.80,0.00
104.21.207.125,4,4,0.00,180.81,0.00
104.17.244.118,4,4,0.00,180.81,0.00
104.18.53.199,4,4,0.00,180.81,0.00
104.18.14.35,4,4,0.00,180.83,0.00
104.21.206.64,4,4,0.00,180.84,0.00
104.17.247.192,4,4,0.00,180.85,0.00
172.65.199.188,4,4,0.00,180.87,0.00
104.19.207.25,4,4,0.00,180.88,0.00
172.65.96.27,4,4,0.00,180.88,0.00
162.159.251.176,4,4,0.00,180.90,0.00
104.24.244.161,4,4,0.00,180.94,0.00
162.159.41.204,4,4,0.00,181.00,0.00
104.23.100.68,4,4,0.00,181.09,0.00
104.18.13.29,4,4,0.00,181.11,0.00
104.18.1.27,4,4,0.00,181.13,0.00
104.27.205.244,4,4,0.00,181.15,0.00
104.21.199.204,4,4,0.00,181.16,0.00
104.26.7.241,4,4,0.00,181.16,0.00
172.65.207.122,4,4,0.00,181.18,0.00
172.65.195.24,4,4,0.00,181.21,0.00
172.65.204.62,4,4,0.00,181.24,0.00
172.67.72.218,4,4,0.00,181.26,0.00
104.21.18.105,4,4,0.00,181.28,0.00
162.159.9.224,4,4,0.00,181.29,0.00
172.64.98.93,4,4,0.00,181.29,0.00
104.19.204.83,4,4,0.00,181.29,0.00
162.159.1.58,4,4,0.00,181.30,0.00
162.159.11.81,4,4,0.00,181.38,0.00
172.65.201.48,4,4,0.00,181.38,0.00
104.25.222.222,4,4,0.00,181.38,0.00
104.25.67.118,4,4,0.00,181.39,0.00
172.65.172.81,4,4,0.00,181.41,0.00
172.67.31.175,4,4,0.00,181.42,0.00
172.64.148.47,4,4,0.00,181.44,0.00
162.159.48.99,4,4,0.00,181.46,0.00
104.18.6.169,4,4,0.00,181.50,0.00
104.24.192.90,4,4,0.00,181.51,0.00
104.17.253.86,4,4,0.00,181.51,0.00
172.65.97.142,4,4,0.00,181.56,0.00
162.159.5.57,4,4,0.00,181.58,0.00
198.41.193.27,4,4,0.00,181.61,0.00
162.159.242.162,4,4,0.00,181.63,0.00
172.67.76.76,4,4,0.00,181.67,0.00
104.27.78.1,4,4,0.00,181.69,0.00
104.21.102.55,4,4,0.00,181.83,0.00
104.24.164.125,4,4,0.00,181.86,0.00
104.26.3.155,4,4,0.00,181.91,0.00
104.27.4.166,4,4,0.00,181.91,0.00
162.159.4.185,4,4,0.00,181.92,0.00
104.25.53.246,4,4,0.00,182.03,0.00
172.67.69.150,4,4,0.00,182.03,0.00
172.67.56.61,4,4,0.00,182.05,0.00
172.65.205.142,4,4,0.00,182.15,0.00
104.18.213.60,4,4,0.00,182.19,0.00
104.21.194.124,4,4,0.00,182.26,0.00
162.159.6.182,4,4,0.00,182.28,0.00
104.18.5.8,4,4,0.00,182.28,0.00
104.24.168.2,4,4,0.00,182.29,0.00
104.17.249.41,4,4,0.00,182.43,0.00
104.17.81.44,4,4,0.00,182.46,0.00
162.159.27.16,4,4,0.00,182.46,0.00
172.66.45.229,4,4,0.00,182.47,0.00
104.25.164.249,4,4,0.00,182.55,0.00
104.24.17.221,4,4,0.00,182.55,0.00
104.25.181.232,4,4,0.00,182.56,0.00
104.27.36.228,4,4,0.00,182.56,0.00
104.17.252.99,4,4,0.00,182.57,0.00
162.159.40.51,4,4,0.00,182.62,0.00
172.66.202.240,4,4,0.00,182.64,0.00
162.159.0.230,4,4,0.00,182.68,0.00
104.26.4.98,4,4,0.00,182.74,0.00
104.27.107.134,4,4,0.00,182.80,0.00
162.159.8.70,4,4,0.00,182.81,0.00
104.24.53.224,4,4,0.00,182.83,0.00
172.64.84.164,4,4,0.00,182.86,0.00
104.18.3.244,4,4,0.00,182.90,0.00
104.24.1.178,4,4,0.00,182.90,0.00
162.159.57.216,4,4,0.00,182.98,0.00
172.67.77.8,4,4,0.00,182.98,0.00
104.17.245.7,4,4,0.00,183.02,0.00
172.65.128.151,4,4,0.00,183.02,0.00
104.26.13.10,4,4,0.00,183.03,0.00
162.159.58.103,4,4,0.00,183.08,0.00
104.17.241.33,4,4,0.00,183.10,0.00
104.18.2.59,4,4,0.00,183.21,0.00
198.41.194.211,4,4,0.00,183.37,0.00
104.17.229.63,4,4,0.00,183.39,0.00
104.25.80.146,4,4,0.00,183.59,0.00
104.21.55.236,4,4,0.00,183.62,0.00
104.18.11.141,4,4,0.00,183.64,0.00
104.17.248.242,4,4,0.00,183.66,0.00
104.25.38.88,4,4,0.00,183.79,0.00
104.17.225.95,4,4,0.00,183.86,0.00
104.17.236.167,4,4,0.00,183.89,0.00
104.17.255.28,4,4,0.00,183.91,0.00
104.22.58.82,4,4,0.00,183.93,0.00
172.67.78.28,4,4,0.00,183.96,0.00
104.26.1.222,4,4,0.00,183.97,0.00
172.65.64.202,4,4,0.00,183.98,0.00
172.67.62.241,4,4,0.00,184.00,0.00
104.22.60.21,4,4,0.00,184.02,0.00
162.159.22.86,4,4,0.00,184.05,0.00
162.159.25.23,4,4,0.00,184.09,0.00
172.66.193.63,4,4,0.00,184.10,0.00
104.26.5.27,4,4,0.00,184.12,0.00
172.67.105.88,4,4,0.00,184.18,0.00
162.159.36.198,4,4,0.00,184.27,0.00
104.19.119.95,4,4,0.00,184.30,0.00
104.22.8.156,4,4,0.00,184.30,0.00
162.159.23.142,4,4,0.00,184.31,0.00
104.17.251.245,4,4,0.00,184.62,0.00
104.26.9.5,4,4,0.00,184.70,0.00
104.17.227.107,4,4,0.00,184.71,0.00
104.17.230.137,4,4,0.00,184.73,0.00
104.25.205.129,4,4,0.00,184.78,0.00
104.19.138.18,4,4,0.00,184.88,0.00
104.24.194.29,4,4,0.00,184.95,0.00
172.67.57.198,4,4,0.00,184.98,0.00
104.17.234.238,4,4,0.00,185.04,0.00
104.27.76.77,4,4,0.00,185.08,0.00
104.27.87.168,4,4,0.00,185.26,0.00
162.159.51.89,4,4,0.00,185.69,0.00
104.17.235.233,4,4,0.00,185.72,0.00
104.17.231.57,4,4,0.00,185.75,0.00
104.17.239.73,4,4,0.00,185.78,0.00
104.17.233.113,4,4,0.00,185.88,0.00
104.26.6.71,4,4,0.00,185.97,0.00
104.17.232.229,4,4,0.00,186.28,0.00
104.18.54.9,4,4,0.00,186.37,0.00
104.26.11.139,4,4,0.00,186.50,0.00
104.17.228.79,4,4,0.00,186.59,0.00
104.22.62.174,4,4,0.00,186.60,0.00
104.26.8.2,4,4,0.00,186.66,0.00
104.17.240.235,4,4,0.00,186.78,0.00
172.67.182.186,4,4,0.00,186.86,0.00
104.26.10.7,4,4,0.00,186.99,0.00
104.22.48.46,4,4,0.00,187.59,0.00
104.26.14.121,4,4,0.00,187.92,0.00
104.16.51.218,4,4,0.00,188.30,0.00
104.18.50.20,4,4,0.00,188.59,0.00
104.16.53.134,4,4,0.00,188.59,0.00
104.26.12.190,4,4,0.00,189.43,0.00
104.26.15.188,4,4,0.00,189.44,0.00
172.65.46.106,4,4,0.00,190.00,0.00
104.16.54.92,4,4,0.00,190.33,0.00
104.16.56.124,4,4,0.00,190.38,0.00
104.22.57.12,4,4,0.00,190.58,0.00
104.16.45.31,4,4,0.00,190.64,0.00
104.17.226.72,4,4,0.00,190.70,0.00
104.22.55.230,4,4,0.00,190.78,0.00
104.16.34.39,4,4,0.00,191.00,0.00
104.16.62.106,4,4,0.00,191.04,0.00
104.16.58.47,4,4,0.00,191.13,0.00
104.22.53.109,4,4,0.00,191.25,0.00
104.16.48.225,4,4,0.00,191.27,0.00
104.16.61.225,4,4,0.00,191.36,0.00
104.22.63.247,4,4,0.00,191.38,0.00
104.22.54.235,4,4,0.00,191.48,0.00
104.19.136.43,4,4,0.00,191.65,0.00
104.16.47.227,4,4,0.00,191.74,0.00
104.22.49.52,4,4,0.00,191.80,0.00
104.22.50.122,4,4,0.00,191.86,0.00
104.22.51.213,4,4,0.00,192.13,0.00
104.16.52.128,4,4,0.00,192.56,0.00
104.22.56.235,4,4,0.00,192.67,0.00
104.16.36.233,4,4,0.00,192.84,0.00
104.16.35.142,4,4,0.00,192.97,0.00
104.22.52.102,4,4,0.00,193.45,0.00
104.16.46.12,4,4,0.00,193.47,0.00
104.19.129.11,4,4,0.00,193.84,0.00
104.16.40.218,4,4,0.00,193.98,0.00
162.159.153.238,4,4,0.00,194.49,0.00
172.65.43.192,4,4,0.00,194.79,0.00
104.16.41.124,4,4,0.00,194.88,0.00
104.19.135.224,4,4,0.00,195.10,0.00
104.19.134.1,4,4,0.00,195.42,0.00
104.16.33.235,4,4,0.00,195.57,0.00
104.16.60.178,4,4,0.00,195.75,0.00
104.19.137.42,4,4,0.00,195.81,0.00
172.65.47.156,4,4,0.00,196.40,0.00
104.19.140.129,4,4,0.00,196.50,0.00
104.16.42.80,4,4,0.00,196.73,0.00
104.19.142.165,4,4,0.00,196.91,0.00
172.67.148.112,4,4,0.00,196.96,0.00
104.16.44.253,4,4,0.00,196.96,0.00
172.67.144.110,4,4,0.00,197.11,0.00
172.67.152.137,4,4,0.00,197.28,0.00
172.65.42.78,4,4,0.00,197.35,0.00
172.67.172.251,4,4,0.00,197.84,0.00
172.67.150.226,4,4,0.00,198.13,0.00
172.65.33.45,4,4,0.00,198.45,0.00
172.65.40.119,4,4,0.00,198.49,0.00
172.65.36.172,4,4,0.00,198.65,0.00
172.67.171.102,4,4,0.00,198.84,0.00
172.65.39.49,4,4,0.00,198.97,0.00
172.67.151.56,4,4,0.00,199.70,0.00
104.21.225.211,4,4,0.00,199.82,0.00
